scan_layer,scan_ts,trigger,ticker_raw,ticker_normalized,scan_price,close_price,return_pct,band
CORE,2026-09-09T04:00:33.374529+00:00,scheduler,LDOS,LDOS,142.8,128.13999938964844,-10.266107,-20% to -10%
CORE,2026-09-09T04:00:33.374529+00:00,scheduler,DELL,DELL,533.69,535.25,0.292305,0% to <10%
CORE,2026-09-09T04:00:33.374529+00:00,scheduler,ALMU,ALMU,13.23,13.300000190734863,0.529102,0% to <10%
CORE,2026-09-09T04:00:33.374529+00:00,scheduler,INBX,INBX,122.0,112.86000061035156,-7.491803,-10% to 0%
CORE,2026-09-09T04:00:33.374529+00:00,scheduler,CRML,CRML,7.3,7.070000171661377,-3.150683,-10% to 0%
CORE,2026-09-09T04:00:33.374529+00:00,scheduler,PLAY,PLAY,9.94,8.1899995803833,-17.605638,-20% to -10%
CORE,2026-09-09T04:00:33.374529+00:00,scheduler,LOVE,LOVE,14.7,16.030000686645508,9.047624,0% to <10%
CORE,2026-09-09T04:00:33.374529+00:00,scheduler,SHOE,SHOE,13.46,12.930000305175781,-3.937591,-10% to 0%
CORE,2026-09-09T04:00:33.374529+00:00,scheduler,PATH,PATH,14.01,13.569999694824219,-3.140616,-10% to 0%
CORE,2026-09-09T04:00:33.374529+00:00,scheduler,ASAN,ASAN,8.68,8.25,-4.953917,-10% to 0%
CORE,2026-09-09T04:00:33.374529+00:00,scheduler,RR,RR,1.73,1.6699999570846558,-3.468211,-10% to 0%
CORE,2026-09-09T04:00:33.374529+00:00,scheduler,FCEL,FCEL,17.71,16.56999969482422,-6.437043,-10% to 0%
CORE,2026-09-09T04:00:33.374529+00:00,scheduler,MMED,MMED,22.0,22.760000228881836,3.454546,0% to <10%
CORE,2026-09-09T04:00:33.374529+00:00,scheduler,GIII,GIII,33.72,27.540000915527344,-18.327399,-20% to -10%
CORE,2026-09-09T04:00:33.374529+00:00,scheduler,SAIL,SAIL,18.21,17.579999923706055,-3.459638,-10% to 0%
CORE,2026-09-09T04:00:33.374529+00:00,scheduler,OXM,OXM,31.75,30.649999618530273,-3.464568,-10% to 0%
CORE,2026-09-09T04:00:33.374529+00:00,scheduler,CPB,CPB,21.44,21.8799991607666,2.052235,0% to <10%
CORE,2026-09-09T04:00:33.374529+00:00,scheduler,AI,AI,10.37,10.380000114440918,0.096433,0% to <10%
CORE,2026-09-09T04:00:33.374529+00:00,scheduler,CHPT,CHPT,9.96,8.949999809265137,-10.140564,-20% to -10%
CORE,2026-09-09T04:00:33.374529+00:00,scheduler,BAH,BAH,72.5,72.19999694824219,-0.413797,-10% to 0%
CORE,2026-09-09T04:00:33.374529+00:00,scheduler,UPXI,UPXI,1.07,1.034999966621399,-3.271031,-10% to 0%
CORE,2026-09-09T04:00:33.374529+00:00,scheduler,FLWS,FLWS,4.79,3.490000009536743,-27.139875,Below -20%
CORE,2026-09-09T04:00:33.374529+00:00,scheduler,ODD,ODD,12.68,16.479999542236328,29.968451,20% to <30%
CORE,2026-09-09T04:00:33.374529+00:00,scheduler,RH,RH,196.32,139.3699951171875,-29.008764,Below -20%
STRATEGY,2026-09-09T04:00:33.374529+00:00,scheduler,AAEO,AEO,17.22,16.889999389648438,-1.91638,-10% to 0%
STRATEGY,2026-09-09T04:00:33.374529+00:00,scheduler,AARQT,ARQT,24.39,23.84000015258789,-2.255022,-10% to 0%
STRATEGY,2026-09-09T04:00:33.374529+00:00,scheduler,ABM,ABM,50.6,49.7400016784668,-1.699601,-10% to 0%
STRATEGY,2026-09-09T04:00:33.374529+00:00,scheduler,ADBE,ADBE,257.26,254.86000061035156,-0.932908,-10% to 0%
STRATEGY,2026-09-09T04:00:33.374529+00:00,scheduler,AI,AI,10.37,10.380000114440918,0.096433,0% to <10%
STRATEGY,2026-09-09T04:00:33.374529+00:00,scheduler,ALMU,ALMU,13.23,13.300000190734863,0.529102,0% to <10%
STRATEGY,2026-09-09T04:00:33.374529+00:00,scheduler,ARQT,ARQT,24.11,23.84000015258789,-1.119867,-10% to 0%
STRATEGY,2026-09-09T04:00:33.374529+00:00,scheduler,ASAN,ASAN,8.68,8.25,-4.953917,-10% to 0%
STRATEGY,2026-09-09T04:00:33.374529+00:00,scheduler,BBILI,BILI,16.2,15.90999984741211,-1.790124,-10% to 0%
STRATEGY,2026-09-09T04:00:33.374529+00:00,scheduler,BBUD,BUD,79.73,77.9800033569336,-2.194904,-10% to 0%
STRATEGY,2026-09-09T04:00:33.374529+00:00,scheduler,BILI,BILI,15.96,15.90999984741211,-0.313284,-10% to 0%
STRATEGY,2026-09-09T04:00:33.374529+00:00,scheduler,BRZE,BRZE,30.31,23.725000381469727,-21.725502,Below -20%
STRATEGY,2026-09-09T04:00:33.374529+00:00,scheduler,CAPR,CAPR,9.06,8.640000343322754,-4.635758,-10% to 0%
STRATEGY,2026-09-09T04:00:33.374529+00:00,scheduler,CASY,CASY,733.49,629.030029296875,-14.241499,-20% to -10%
STRATEGY,2026-09-09T04:00:33.374529+00:00,scheduler,CBC,CBC,32.3,32.04999923706055,-0.773996,-10% to 0%
STRATEGY,2026-09-09T04:00:33.374529+00:00,scheduler,CCBC,CCBC,18.5,18.5,0.0,0% to <10%
STRATEGY,2026-09-09T04:00:33.374529+00:00,scheduler,CCHPT,CHPT,9.37,8.949999809265137,-4.482393,-10% to 0%
STRATEGY,2026-09-09T04:00:33.374529+00:00,scheduler,CCOHH,COHH,6.41,6.489999771118164,1.248046,0% to <10%
STRATEGY,2026-09-09T04:00:33.374529+00:00,scheduler,CCOHX,COHX,25.81,26.1200008392334,1.201088,0% to <10%
STRATEGY,2026-09-09T04:00:33.374529+00:00,scheduler,CCPER,CPER,40.57,41.04999923706055,1.183138,0% to <10%
STRATEGY,2026-09-09T04:00:33.374529+00:00,scheduler,CHPT,CHPT,9.96,8.949999809265137,-10.140564,-20% to -10%
STRATEGY,2026-09-09T04:00:33.374529+00:00,scheduler,CHWY,CHWY,23.27,20.75,-10.829394,-20% to -10%
STRATEGY,2026-09-09T04:00:33.374529+00:00,scheduler,CNM,CNM,44.06,41.599998474121094,-5.583299,-10% to 0%
STRATEGY,2026-09-09T04:00:33.374529+00:00,scheduler,COHH,COHH,6.46,6.489999771118164,0.464393,0% to <10%
STRATEGY,2026-09-09T04:00:33.374529+00:00,scheduler,COHX,COHX,25.91,26.1200008392334,0.810501,0% to <10%
STRATEGY,2026-09-09T04:00:33.374529+00:00,scheduler,COO,COO,67.69,63.47999954223633,-6.219531,-10% to 0%
STRATEGY,2026-09-09T04:00:33.374529+00:00,scheduler,CPB,CPB,21.44,21.8799991607666,2.052235,0% to <10%
STRATEGY,2026-09-09T04:00:33.374529+00:00,scheduler,CPER,CPER,40.51,41.04999923706055,1.333002,0% to <10%
STRATEGY,2026-09-09T04:00:33.374529+00:00,scheduler,CPRT,CPRT,32.6,32.029998779296875,-1.74847,-10% to 0%
STRATEGY,2026-09-09T04:00:33.374529+00:00,scheduler,CRML,CRML,7.3,7.070000171661377,-3.150683,-10% to 0%
STRATEGY,2026-09-09T04:00:33.374529+00:00,scheduler,DDFDV,DFDV,5.99,5.440000057220459,-9.181969,-10% to 0%
STRATEGY,2026-09-09T04:00:33.374529+00:00,scheduler,DDK,DK,75.67,75.27999877929688,-0.515397,-10% to 0%
STRATEGY,2026-09-09T04:00:33.374529+00:00,scheduler,DDXD,DXD,16.97,17.229999542236328,1.532113,0% to <10%
STRATEGY,2026-09-09T04:00:33.374529+00:00,scheduler,DELL,DELL,533.69,535.25,0.292305,0% to <10%
STRATEGY,2026-09-09T04:00:33.374529+00:00,scheduler,DFDV,DFDV,5.94,5.440000057220459,-8.417507,-10% to 0%
STRATEGY,2026-09-09T04:00:33.374529+00:00,scheduler,DSGX,DSGX,75.56,73.44000244140625,-2.805714,-10% to 0%
STRATEGY,2026-09-09T04:00:33.374529+00:00,scheduler,DXD,DXD,16.55,17.229999542236328,4.108759,0% to <10%
STRATEGY,2026-09-09T04:00:33.374529+00:00,scheduler,EEFXT,EFXT,22.54,22.56999969482422,0.133095,0% to <10%
STRATEGY,2026-09-09T04:00:33.374529+00:00,scheduler,EEUFN,EUFN,42.4,42.06999969482422,-0.778303,-10% to 0%
STRATEGY,2026-09-09T04:00:33.374529+00:00,scheduler,EUFN,EUFN,42.58,42.06999969482422,-1.197746,-10% to 0%
STRATEGY,2026-09-09T04:00:33.374529+00:00,scheduler,FCEL,FCEL,17.71,16.56999969482422,-6.437043,-10% to 0%
STRATEGY,2026-09-09T04:00:33.374529+00:00,scheduler,FLWS,FLWS,4.79,3.490000009536743,-27.139875,Below -20%
STRATEGY,2026-09-09T04:00:33.374529+00:00,scheduler,GFL,GFL,44.01,42.0,-4.567144,-10% to 0%
STRATEGY,2026-09-09T04:00:33.374529+00:00,scheduler,GGFL,GFL,42.87,42.0,-2.029391,-10% to 0%
STRATEGY,2026-09-09T04:00:33.374529+00:00,scheduler,GGPRK,GPRK,11.95,11.90999984741211,-0.334729,-10% to 0%
STRATEGY,2026-09-09T04:00:33.374529+00:00,scheduler,GGRNT,GRNT,5.1,5.099999904632568,-2e-06,-10% to 0%
STRATEGY,2026-09-09T04:00:33.374529+00:00,scheduler,GGSG,GSG,35.38,35.88999938964844,1.441491,0% to <10%
STRATEGY,2026-09-09T04:00:33.374529+00:00,scheduler,GIII,GIII,33.72,27.540000915527344,-18.327399,-20% to -10%
STRATEGY,2026-09-09T04:00:33.374529+00:00,scheduler,GPRK,GPRK,12.1,11.90999984741211,-1.570249,-10% to 0%
STRATEGY,2026-09-09T04:00:33.374529+00:00,scheduler,GPRO,GPRO,1.44,1.4149999618530273,-1.736114,-10% to 0%
STRATEGY,2026-09-09T04:00:33.374529+00:00,scheduler,HAFN,HAFN,7.9915,9.15999984741211,14.621784,10% to <20%
STRATEGY,2026-09-09T04:00:33.374529+00:00,scheduler,HHAFN,HAFN,8.96,9.15999984741211,2.232141,0% to <10%
STRATEGY,2026-09-09T04:00:33.374529+00:00,scheduler,HHRMY,HRMY,42.07,41.619998931884766,-1.069648,-10% to 0%
STRATEGY,2026-09-09T04:00:33.374529+00:00,scheduler,HTLM,HTLM,1.7,1.7000000476837158,3e-06,0% to <10%
STRATEGY,2026-09-09T04:00:33.374529+00:00,scheduler,IIONL,IONL,13.35,11.789999961853027,-11.685394,-20% to -10%
STRATEGY,2026-09-09T04:00:33.374529+00:00,scheduler,IIONX,IONX,24.28,21.43000030517578,-11.738055,-20% to -10%
STRATEGY,2026-09-09T04:00:33.374529+00:00,scheduler,IMPP,IMPP,5.33,5.360000133514404,0.562854,0% to <10%
STRATEGY,2026-09-09T04:00:33.374529+00:00,scheduler,INDP,INDP,1.84,2.0799999237060547,13.043474,10% to <20%
STRATEGY,2026-09-09T04:00:33.374529+00:00,scheduler,KR,KR,57.2,56.439998626708984,-1.328674,-10% to 0%
STRATEGY,2026-09-09T04:00:33.374529+00:00,scheduler,KT,KT,19.78,19.739999771118164,-0.202226,-10% to 0%
STRATEGY,2026-09-09T04:00:33.374529+00:00,scheduler,LOVE,LOVE,14.7,16.030000686645508,9.047624,0% to <10%
STRATEGY,2026-09-09T04:00:33.374529+00:00,scheduler,MMED,MMED,22.0,22.760000228881836,3.454546,0% to <10%
STRATEGY,2026-09-09T04:00:33.374529+00:00,scheduler,MMLYS,MLYS,31.12,30.5,-1.992288,-10% to 0%
STRATEGY,2026-09-09T04:00:33.374529+00:00,scheduler,MRK,MRK,148.99,147.52999877929688,-0.979932,-10% to 0%
STRATEGY,2026-09-09T04:00:33.374529+00:00,scheduler,MRNA,MRNA,133.32,135.61000061035156,1.717672,0% to <10%
STRATEGY,2026-09-09T04:00:33.374529+00:00,scheduler,NAMS,NAMS,22.5,22.790000915527344,1.288893,0% to <10%
STRATEGY,2026-09-09T04:00:33.374529+00:00,scheduler,NB,NB,4.12,4.039999961853027,-1.941748,-10% to 0%
STRATEGY,2026-09-09T04:00:33.374529+00:00,scheduler,NNAMS,NAMS,25.63,22.790000915527344,-11.080761,-20% to -10%
STRATEGY,2026-09-09T04:00:33.374529+00:00,scheduler,ODD,ODD,12.68,16.479999542236328,29.968451,20% to <30%
STRATEGY,2026-09-09T04:00:33.374529+00:00,scheduler,ORCL,ORCL,162.52,161.6300048828125,-0.547622,-10% to 0%
STRATEGY,2026-09-09T04:00:33.374529+00:00,scheduler,OXM,OXM,31.75,30.649999618530273,-3.464568,-10% to 0%
STRATEGY,2026-09-09T04:00:33.374529+00:00,scheduler,PATH,PATH,14.01,13.569999694824219,-3.140616,-10% to 0%
STRATEGY,2026-09-09T04:00:33.374529+00:00,scheduler,PHVS,PHVS,37.28,37.7400016784668,1.23391,0% to <10%
STRATEGY,2026-09-09T04:00:33.374529+00:00,scheduler,PLAY,PLAY,9.94,8.1899995803833,-17.605638,-20% to -10%
STRATEGY,2026-09-09T04:00:33.374529+00:00,scheduler,PPCG,PCG,14.82,14.1899995803833,-4.251015,-10% to 0%
STRATEGY,2026-09-09T04:00:33.374529+00:00,scheduler,PPHVS,PHVS,37.84,37.7400016784668,-0.264266,-10% to 0%
STRATEGY,2026-09-09T04:00:33.374529+00:00,scheduler,QQBTX,QBTX,6.66,6.21999979019165,-6.60661,-10% to 0%
STRATEGY,2026-09-09T04:00:33.374529+00:00,scheduler,RGTX,RGTX,9.94,9.149999618530273,-7.94769,-10% to 0%
STRATEGY,2026-09-09T04:00:33.374529+00:00,scheduler,RH,RH,196.32,139.3699951171875,-29.008764,Below -20%
STRATEGY,2026-09-09T04:00:33.374529+00:00,scheduler,ROIV,ROIV,41.32,41.810001373291016,1.18587,0% to <10%
STRATEGY,2026-09-09T04:00:33.374529+00:00,scheduler,RR,RR,1.73,1.6699999570846558,-3.468211,-10% to 0%
STRATEGY,2026-09-09T04:00:33.374529+00:00,scheduler,RRGTX,RRGTX,7.82,7.820000171661377,2e-06,0% to <10%
STRATEGY,2026-09-09T04:00:33.374529+00:00,scheduler,RROIV,ROIV,41.48,41.810001373291016,0.795567,0% to <10%
STRATEGY,2026-09-09T04:00:33.374529+00:00,scheduler,SAIL,SAIL,17.79,17.579999923706055,-1.180439,-10% to 0%
STRATEGY,2026-09-09T04:00:33.374529+00:00,scheduler,SAIL,SAIL,18.21,17.579999923706055,-3.459638,-10% to 0%
STRATEGY,2026-09-09T04:00:33.374529+00:00,scheduler,SHOE,SHOE,13.46,12.930000305175781,-3.937591,-10% to 0%
STRATEGY,2026-09-09T04:00:33.374529+00:00,scheduler,SMU,SMU,8.67,8.069999694824219,-6.920419,-10% to 0%
STRATEGY,2026-09-09T04:00:33.374529+00:00,scheduler,SSIG,SIG,82.67,102.4800033569336,23.962747,20% to <30%
STRATEGY,2026-09-09T04:00:33.374529+00:00,scheduler,SSMU,SMU,8.64,8.069999694824219,-6.597226,-10% to 0%
STRATEGY,2026-09-09T04:00:33.374529+00:00,scheduler,SUNB,SUNB,69.32,73.41999816894531,5.914596,0% to <10%
STRATEGY,2026-09-09T04:00:33.374529+00:00,scheduler,TTAN,TTAN,81.58,57.119998931884766,-29.98284,Below -20%
STRATEGY,2026-09-09T04:00:33.374529+00:00,scheduler,UNFI,UNFI,44.93,44.61000061035156,-0.712218,-10% to 0%
STRATEGY,2026-09-09T04:00:33.374529+00:00,scheduler,UPXI,UPXI,1.07,1.034999966621399,-3.271031,-10% to 0%
STRATEGY,2026-09-09T04:00:33.374529+00:00,scheduler,UUNFI,UNFI,44.93,44.61000061035156,-0.712218,-10% to 0%
STRATEGY,2026-09-09T04:00:33.374529+00:00,scheduler,VFS,VFS,3.1,3.059999942779541,-1.290324,-10% to 0%
STRATEGY,2026-09-09T04:00:33.374529+00:00,scheduler,WLTH,WLTH,10.5,9.460000038146973,-9.904762,-10% to 0%
STRATEGY,2026-09-09T04:00:33.374529+00:00,scheduler,WWLTH,WLTH,9.63,9.460000038146973,-1.765316,-10% to 0%
STRATEGY,2026-09-09T04:00:33.374529+00:00,scheduler,WWRB,WRB,69.77,69.91000366210938,0.200665,0% to <10%
STRATEGY,2026-09-09T04:00:33.374529+00:00,scheduler,ZIM,ZIM,29.5,29.3799991607666,-0.406783,-10% to 0%
STRATEGY,2026-09-09T04:00:33.374529+00:00,scheduler,ZZIM,ZIM,30.08,29.3799991607666,-2.32713,-10% to 0%
LOTTERY_RAW,2026-09-09T04:00:33.374529+00:00,scheduler,CAPR,CAPR,9.06,8.640000343322754,-4.635758,-10% to 0%
LOTTERY_RAW,2026-09-09T04:00:33.374529+00:00,scheduler,EOSE,EOSE,4.3,4.150000095367432,-3.48837,-10% to 0%
LOTTERY_RAW,2026-09-09T04:00:33.374529+00:00,scheduler,GGCDT,GCDT,0.91,0.6383000016212463,-29.857143,Below -20%
LOTTERY_RAW,2026-09-09T04:00:33.374529+00:00,scheduler,BBNC,BNC,5.25,4.429999828338623,-15.619051,-20% to -10%
LOTTERY_RAW,2026-09-09T04:00:33.374529+00:00,scheduler,IINDP,INDP,1.85,2.0799999237060547,12.432428,10% to <20%
LOTTERY_RAW,2026-09-09T04:00:33.374529+00:00,scheduler,WWYHG,WYHG,5.88,4.980000019073486,-15.306122,-20% to -10%
LOTTERY_RAW,2026-09-09T04:00:33.374529+00:00,scheduler,PPDSB,PDSB,0.3,0.2930000126361847,-2.333329,-10% to 0%
LOTTERY_RAW,2026-09-09T04:00:33.374529+00:00,scheduler,MMOBX,MMOBX,1.27,8.319999694824219,555.118086,30% and higher
LOTTERY_RAW,2026-09-09T04:00:33.374529+00:00,scheduler,NNUR,NUR,2.46,1.5499999523162842,-36.991872,Below -20%
LOTTERY_RAW,2026-09-09T04:00:33.374529+00:00,scheduler,EETS,ETS,1.12,1.2899999618530273,15.178568,10% to <20%
LOTTERY_RAW,2026-09-09T04:00:33.374529+00:00,scheduler,SSST,SST,5.0,4.409999847412109,-11.800003,-20% to -10%
LOTTERY_RAW,2026-09-09T04:00:33.374529+00:00,scheduler,OORBS,ORBS,1.14,1.0399999618530273,-8.771933,-10% to 0%
LOTTERY_RAW,2026-09-09T04:00:33.374529+00:00,scheduler,TTDOT,TDOT,14.9,13.484600067138672,-9.499328,-10% to 0%
LOTTERY_RAW,2026-09-09T04:00:33.374529+00:00,scheduler,AARBE,ARBE,0.74,0.7939000129699707,7.283786,0% to <10%
LOTTERY_RAW,2026-09-09T04:00:33.374529+00:00,scheduler,TTWG,TWG,0.52,0.5095000267028809,-2.019226,-10% to 0%
LOTTERY_RAW,2026-09-09T04:00:33.374529+00:00,scheduler,TTRUG,TRUG,0.44,0.3977999985218048,-9.590909,-10% to 0%
LOTTERY_RAW,2026-09-09T04:00:33.374529+00:00,scheduler,BBJDX,BJDX,1.03,1.0099999904632568,-1.941748,-10% to 0%
LOTTERY_RAW,2026-09-09T04:00:33.374529+00:00,scheduler,AATER,ATER,0.73,0.7099999785423279,-2.739729,-10% to 0%
LOTTERY_RAW,2026-09-09T04:00:33.374529+00:00,scheduler,NNUAI,NUAI,6.6,6.480000019073486,-1.818182,-10% to 0%
LOTTERY_RAW,2026-09-09T04:00:33.374529+00:00,scheduler,ONDS,ONDS,7.62,7.289999961853027,-4.330709,-10% to 0%
LOTTERY_RAW,2026-09-09T04:00:33.374529+00:00,scheduler,SOUN,SOUN,6.57,6.480000019073486,-1.369863,-10% to 0%
LOTTERY_RAW,2026-09-09T04:00:33.374529+00:00,scheduler,BAOS,BAOS,0.32,0.33559998869895935,4.874996,0% to <10%
LOTTERY_RAW,2026-09-09T04:00:33.374529+00:00,scheduler,BTDR,BTDR,12.67,12.329999923706055,-2.683505,-10% to 0%
LOTTERY_RAW,2026-09-09T04:00:33.374529+00:00,scheduler,RXRX,RXRX,3.44,3.2149999141693115,-6.5407,-10% to 0%
LOTTERY_RAW,2026-09-09T04:00:33.374529+00:00,scheduler,PRME,PRME,3.56,3.4700000286102295,-2.528089,-10% to 0%
LOTTERY_RAW,2026-09-09T04:00:33.374529+00:00,scheduler,LCID,LCID,4.63,4.269999980926514,-7.775378,-10% to 0%
LOTTERY_RAW,2026-09-09T04:00:33.374529+00:00,scheduler,BRNX,BRNX,2.3,2.630000114440918,14.347831,10% to <20%
LOTTERY_RAW,2026-09-09T04:00:33.374529+00:00,scheduler,XRX,XRX,3.2,3.140000104904175,-1.874997,-10% to 0%
LOTTERY_RAW,2026-09-09T04:00:33.374529+00:00,scheduler,SERV,SERV,4.9,4.65500020980835,-4.999996,-10% to 0%
LOTTERY_RAW,2026-09-09T04:00:33.374529+00:00,scheduler,AI,AI,10.51,10.380000114440918,-1.236916,-10% to 0%
LOTTERY_RAW,2026-09-09T04:00:33.374529+00:00,scheduler,NTLA,NTLA,12.74,12.210000038146973,-4.160125,-10% to 0%
LOTTERY_RAW,2026-09-09T04:00:33.374529+00:00,scheduler,SSWVL,SWVL,6.42,7.099999904632568,10.591899,10% to <20%
LOTTERY_RAW,2026-09-09T04:00:33.374529+00:00,scheduler,SSMR,SSMR,11.18,17.8799991607666,59.928436,30% and higher
LOTTERY_RAW,2026-09-09T04:00:33.374529+00:00,scheduler,DFSC,DFSC,1.55,1.5099999904632568,-2.580646,-10% to 0%
LOTTERY_RAW,2026-09-09T04:00:33.374529+00:00,scheduler,HHCWC,HCWC,8.69,8.5,-2.186421,-10% to 0%
LOTTERY_RAW,2026-09-09T04:00:33.374529+00:00,scheduler,VVIDA,VIDA,2.44,2.259999990463257,-7.37705,-10% to 0%
LOTTERY_RAW,2026-09-09T04:00:33.374529+00:00,scheduler,YYDES,YDES,4.25,3.924999952316284,-7.64706,-10% to 0%
LOTTERY_RAW,2026-09-09T04:00:33.374529+00:00,scheduler,PDSB,PDSB,0.2909,0.2930000126361847,0.721902,0% to <10%
LOTTERY_RAW,2026-09-09T04:00:33.374529+00:00,scheduler,EEOSE,EOSE,4.3,4.150000095367432,-3.48837,-10% to 0%
LOTTERY_RAW,2026-09-09T04:00:33.374529+00:00,scheduler,ZCMD,ZCMD,0.85,0.8809000253677368,3.635297,0% to <10%
LOTTERY_RAW,2026-09-09T04:00:33.374529+00:00,scheduler,MRLN,MRLN,3.39,3.140000104904175,-7.374628,-10% to 0%
LOTTERY_RAW,2026-09-09T04:00:33.374529+00:00,scheduler,FGI,FGI,7.55,7.730000019073486,2.384106,0% to <10%
LOTTERY_RAW,2026-09-09T04:00:33.374529+00:00,scheduler,BXBL,BXBL,4.37,4.360000133514404,-0.22883,-10% to 0%
LOTTERY_RAW,2026-09-09T04:00:33.374529+00:00,scheduler,KPTI,KPTI,1.72,1.690000057220459,-1.744183,-10% to 0%
LOTTERY_RAW,2026-09-09T04:00:33.374529+00:00,scheduler,FRMM,FRMM,4.85,4.619999885559082,-4.74227,-10% to 0%
LOTTERY_RAW,2026-09-09T04:00:33.374529+00:00,scheduler,AKAN,AKAN,3.28,3.25,-0.914634,-10% to 0%
LOTTERY_RAW,2026-09-09T04:00:33.374529+00:00,scheduler,PLCE,PLCE,2.79,2.5399999618530273,-8.960575,-10% to 0%
LOTTERY_RAW,2026-09-09T04:00:33.374529+00:00,scheduler,HQ,HQ,16.14,16.06999969482422,-0.433707,-10% to 0%
LOTTERY_RAW,2026-09-09T04:00:33.374529+00:00,scheduler,HWH,HWH,1.8,1.8600000143051147,3.333334,0% to <10%
LOTTERY_RAW,2026-09-09T04:00:33.374529+00:00,scheduler,HPK,HPK,8.15,8.210000038146973,0.736197,0% to <10%
LOTTERY_RAW,2026-09-09T04:00:33.374529+00:00,scheduler,LENZ,LENZ,5.33,4.909999847412109,-7.879928,-10% to 0%
LOTTERY_RAW,2026-09-09T04:00:33.374529+00:00,scheduler,BETR,BETR,13.6,13.460000038146973,-1.029411,-10% to 0%
LOTTERY_RAW,2026-09-09T04:00:33.374529+00:00,scheduler,GRPN,GRPN,18.95,18.299999237060547,-3.430083,-10% to 0%
LOTTERY_RAW,2026-09-09T04:00:33.374529+00:00,scheduler,PROK,PROK,1.99,1.850000023841858,-7.035175,-10% to 0%
LOTTERY_RAW,2026-09-09T04:00:33.374529+00:00,scheduler,SVRA,SVRA,5.53,5.414999961853027,-2.079567,-10% to 0%
LOTTERY_RAW,2026-09-09T04:00:33.374529+00:00,scheduler,VELO,VELO,11.96,10.90999984741211,-8.779265,-10% to 0%
LOTTERY_RAW,2026-09-09T04:00:33.374529+00:00,scheduler,SHOE,SHOE,13.38,12.930000305175781,-3.363226,-10% to 0%
LOTTERY_RAW,2026-09-09T04:00:33.374529+00:00,scheduler,JACK,JACK,15.16,14.779999732971191,-2.506598,-10% to 0%
LOTTERY_RAW,2026-09-09T04:00:33.374529+00:00,scheduler,VIVO,VIVO,4.07,4.150000095367432,1.965604,0% to <10%
LOTTERY_RAW,2026-09-09T04:00:33.374529+00:00,scheduler,OFAL,OFAL,0.72,0.6873999834060669,-4.52778,-10% to 0%
LOTTERY_RAW,2026-09-09T04:00:33.374529+00:00,scheduler,SPRY,SPRY,5.39,5.230000019073486,-2.96846,-10% to 0%
LOTTERY_RAW,2026-09-09T04:00:33.374529+00:00,scheduler,IEP,IEP,6.91,6.829999923706055,-1.157744,-10% to 0%
LOTTERY_RAW,2026-09-09T04:00:33.374529+00:00,scheduler,BOXL,BOXL,5.88,5.769999980926514,-1.870749,-10% to 0%
LOTTERY_RAW,2026-09-09T04:00:33.374529+00:00,scheduler,WKHS,WKHS,3.1,3.0799999237060547,-0.645164,-10% to 0%
LOTTERY_RAW,2026-09-09T04:00:33.374529+00:00,scheduler,FRGT,FRGT,1.02,0.9700000286102295,-4.901958,-10% to 0%
LOTTERY_RAW,2026-09-09T04:00:33.374529+00:00,scheduler,GRAB,GRAB,3.27,3.0399999618530273,-7.03364,-10% to 0%
LOTTERY_RAW,2026-09-09T04:00:33.374529+00:00,scheduler,SMR,SMR,11.18,10.8100004196167,-3.309477,-10% to 0%
LOTTERY_RAW,2026-09-09T04:00:33.374529+00:00,scheduler,QQUA,QUA,14.68,13.76990032196045,-6.199589,-10% to 0%
LOTTERY_RAW,2026-09-09T04:00:33.374529+00:00,scheduler,OOBX,OBX,18.73,18.68000030517578,-0.26695,-10% to 0%
LOTTERY_RAW,2026-09-09T04:00:33.374529+00:00,scheduler,NNOK,NOK,10.65,10.760000228881836,1.032866,0% to <10%
LOTTERY_RAW,2026-09-09T04:00:33.374529+00:00,scheduler,TTSLL,TSLL,9.87,9.850000381469727,-0.20263,-10% to 0%
LOTTERY_RAW,2026-09-09T04:00:33.374529+00:00,scheduler,KKEEL,KEEL,3.73,3.7100000381469727,-0.536192,-10% to 0%
LOTTERY_RAW,2026-09-09T04:00:33.374529+00:00,scheduler,AATAI,ATAI,7.28,7.289999961853027,0.137362,0% to <10%
LOTTERY_RAW,2026-09-09T04:00:33.374529+00:00,scheduler,OOLB,OLB,0.27,0.33500000834465027,24.074077,20% to <30%
LOTTERY_RAW,2026-09-09T04:00:33.374529+00:00,scheduler,OONDS,ONDS,7.62,7.289999961853027,-4.330709,-10% to 0%
LOTTERY_RAW,2026-09-09T04:00:33.374529+00:00,scheduler,SSOUN,SOUN,6.57,6.480000019073486,-1.369863,-10% to 0%
LOTTERY_RAW,2026-09-09T04:00:33.374529+00:00,scheduler,WWDH,WWDH,1.07,9.999999747378752e-05,-99.990654,Below -20%
LOTTERY_RAW,2026-09-09T04:00:33.374529+00:00,scheduler,IISPC,ISPC,1.59,1.5499999523162842,-2.515726,-10% to 0%
LOTTERY_RAW,2026-09-09T04:00:33.374529+00:00,scheduler,HHCWB,HCWB,2.51,2.4600000381469727,-1.99203,-10% to 0%
LOTTERY_RAW,2026-09-09T04:00:33.374529+00:00,scheduler,GGMEX,GMEX,0.63,0.5710999965667725,-9.349207,-10% to 0%
LOTTERY_RAW,2026-09-09T04:00:33.374529+00:00,scheduler,BBAOS,BAOS,0.32,0.33559998869895935,4.874996,0% to <10%
LOTTERY_RAW,2026-09-09T04:00:33.374529+00:00,scheduler,BBTDR,BTDR,12.67,12.329999923706055,-2.683505,-10% to 0%
LOTTERY_RAW,2026-09-09T04:00:33.374529+00:00,scheduler,RRXRX,RXRX,3.44,3.2149999141693115,-6.5407,-10% to 0%
LOTTERY_RAW,2026-09-09T04:00:33.374529+00:00,scheduler,PPRME,PRME,3.56,3.4700000286102295,-2.528089,-10% to 0%
LOTTERY_RAW,2026-09-09T04:00:33.374529+00:00,scheduler,LLCID,LCID,4.63,4.269999980926514,-7.775378,-10% to 0%
LOTTERY_RAW,2026-09-09T04:00:33.374529+00:00,scheduler,BBRNX,BRNX,2.3,2.630000114440918,14.347831,10% to <20%
LOTTERY_RAW,2026-09-09T04:00:33.374529+00:00,scheduler,XXRX,XRX,3.2,3.140000104904175,-1.874997,-10% to 0%
LOTTERY_RAW,2026-09-09T04:00:33.374529+00:00,scheduler,SSERV,SERV,4.9,4.65500020980835,-4.999996,-10% to 0%
LOTTERY_RAW,2026-09-09T04:00:33.374529+00:00,scheduler,AAI,AI,10.51,10.380000114440918,-1.236916,-10% to 0%
LOTTERY_RAW,2026-09-09T04:00:33.374529+00:00,scheduler,CCAPR,CAPR,9.06,8.640000343322754,-4.635758,-10% to 0%
LOTTERY_RAW,2026-09-09T04:00:33.374529+00:00,scheduler,NNTLA,NTLA,12.74,12.210000038146973,-4.160125,-10% to 0%
LOTTERY_RAW,2026-09-09T04:00:33.374529+00:00,scheduler,DDFSC,DFSC,1.55,1.5099999904632568,-2.580646,-10% to 0%
LOTTERY_RAW,2026-09-09T04:00:33.374529+00:00,scheduler,GGPRO,GPRO,1.46,1.4149999618530273,-3.082194,-10% to 0%
LOTTERY_RAW,2026-09-09T04:00:33.374529+00:00,scheduler,NNVD,NVD,3.74,3.809999942779541,1.871656,0% to <10%
LOTTERY_RAW,2026-09-09T04:00:33.374529+00:00,scheduler,PPLUG,PLUG,2.26,2.1700000762939453,-3.982298,-10% to 0%
LOTTERY_RAW,2026-09-09T04:00:33.374529+00:00,scheduler,NNU,NU,15.33,15.0,-2.152642,-10% to 0%
LOTTERY_RAW,2026-09-09T04:00:33.374529+00:00,scheduler,BBITO,BITO,10.54,10.510000228881836,-0.284628,-10% to 0%
LOTTERY_RAW,2026-09-09T04:00:33.374529+00:00,scheduler,PPCG,PCG,14.82,14.1899995803833,-4.251015,-10% to 0%
LOTTERY_RAW,2026-09-09T04:00:33.374529+00:00,scheduler,SSNXX,SSNXX,17.37,1.0,-94.242948,Below -20%
LOTTERY_RAW,2026-09-09T04:00:33.374529+00:00,scheduler,DDVLT,DVLT,0.21,0.20600000023841858,-1.904762,-10% to 0%
LOTTERY_RAW,2026-09-09T04:00:33.374529+00:00,scheduler,PPATH,PATH,14.01,13.569999694824219,-3.140616,-10% to 0%
LOTTERY_RAW,2026-09-09T04:00:33.374529+00:00,scheduler,AAAL,AAL,12.91,12.9399995803833,0.232375,0% to <10%
LOTTERY_RAW,2026-09-09T04:00:33.374529+00:00,scheduler,GGRAB,GRAB,3.25,3.0399999618530273,-6.46154,-10% to 0%
LOTTERY_RAW,2026-09-09T04:00:33.374529+00:00,scheduler,MMARA,MARA,11.83,11.920000076293945,0.760778,0% to <10%
LOTTERY_RAW,2026-09-09T04:00:33.374529+00:00,scheduler,FF,FF,14.0,5.369999885559082,-61.642858,Below -20%
LOTTERY_RAW,2026-09-09T04:00:33.374529+00:00,scheduler,BBTBT,BTBT,1.7,1.659999966621399,-2.352943,-10% to 0%
LOTTERY_RAW,2026-09-09T04:00:33.374529+00:00,scheduler,SSPDN,SPDN,8.55,8.600000381469727,0.5848,0% to <10%
LOTTERY_RAW,2026-09-09T04:00:33.374529+00:00,scheduler,RRIG,RIG,5.76,5.710000038146973,-0.868055,-10% to 0%
LOTTERY_RAW,2026-09-09T04:00:33.374529+00:00,scheduler,GGPUS,GPUS,0.19,0.2013999968767166,5.999998,0% to <10%
LOTTERY_RAW,2026-09-09T04:00:33.374529+00:00,scheduler,RRGTI,RGTI,15.81,15.239999771118164,-3.605315,-10% to 0%
LOTTERY_RAW,2026-09-09T04:00:33.374529+00:00,scheduler,CCIFR,CIFR,18.51,16.899999618530273,-8.698003,-10% to 0%
LOTTERY_RAW,2026-09-09T04:00:33.374529+00:00,scheduler,EETHA,ETHA,18.72,18.579999923706055,-0.747864,-10% to 0%
LOTTERY_RAW,2026-09-09T04:00:33.374529+00:00,scheduler,SSNDQ,SNDQ,11.77,11.399999618530273,-3.143589,-10% to 0%
LOTTERY_RAW,2026-09-09T04:00:33.374529+00:00,scheduler,AAGNC,AGNC,10.68,10.510000228881836,-1.591758,-10% to 0%
LOTTERY_RAW,2026-09-09T04:00:33.374529+00:00,scheduler,GCDT,GCDT,0.7039,0.6383000016212463,-9.319505,-10% to 0%
LOTTERY_RAW,2026-09-09T04:00:33.374529+00:00,scheduler,MOBX,MOBX,1.27,1.159999966621399,-8.66142,-10% to 0%
LOTTERY_RAW,2026-09-09T04:00:33.374529+00:00,scheduler,ATAI,ATAI,7.25,7.289999961853027,0.551724,0% to <10%
LOTTERY_RAW,2026-09-09T04:00:33.374529+00:00,scheduler,ARBE,ARBE,0.7403,0.7939000129699707,7.24031,0% to <10%
LOTTERY_RAW,2026-09-09T04:00:33.374529+00:00,scheduler,TWG,TWG,0.5198,0.5095000267028809,-1.981526,-10% to 0%
LOTTERY_RAW,2026-09-09T04:00:33.374529+00:00,scheduler,BNC,BNC,5.24,4.429999828338623,-15.458019,-20% to -10%
LOTTERY_RAW,2026-09-09T04:00:33.374529+00:00,scheduler,OLB,OLB,0.354,0.33500000834465027,-5.367229,-10% to 0%
LOTTERY_RAW,2026-09-09T04:00:33.374529+00:00,scheduler,TRUG,TRUG,0.4124,0.3977999985218048,-3.540253,-10% to 0%
LOTTERY_RAW,2026-09-09T04:00:33.374529+00:00,scheduler,BJDX,BJDX,1.02,1.0099999904632568,-0.980393,-10% to 0%
LOTTERY_RAW,2026-09-09T04:00:33.374529+00:00,scheduler,ATER,ATER,0.7082,0.7099999785423279,0.254162,0% to <10%
LOTTERY_RAW,2026-09-09T04:00:33.374529+00:00,scheduler,GGRNQ,GRNQ,18.8,13.229999542236328,-29.627662,Below -20%
LOTTERY_RAW,2026-09-09T04:00:33.374529+00:00,scheduler,BBFJL,BFJL,18.54,18.538999557495117,-0.005396,-10% to 0%
LOTTERY_RAW,2026-09-09T04:00:33.374529+00:00,scheduler,RREGS,REGS,11.5,11.449999809265137,-0.434784,-10% to 0%
LOTTERY_RAW,2026-09-09T04:00:33.374529+00:00,scheduler,BBIDG,BIDG,6.91,6.849999904632568,-0.868308,-10% to 0%
LOTTERY_RAW,2026-09-09T04:00:33.374529+00:00,scheduler,GGSIW,GSIW,14.25,14.399999618530273,1.052629,0% to <10%
LOTTERY_RAW,2026-09-09T04:00:33.374529+00:00,scheduler,CCURX,CCURX,5.04,14.808699607849121,193.823405,30% and higher
LOTTERY_RAW,2026-09-09T04:00:33.374529+00:00,scheduler,NUR,NUR,2.09,1.5499999523162842,-25.837323,Below -20%
LOTTERY_RAW,2026-09-09T04:00:33.374529+00:00,scheduler,ETS,ETS,1.09,1.2899999618530273,18.34862,10% to <20%
LOTTERY_RAW,2026-09-09T04:00:33.374529+00:00,scheduler,WDH,WDH,1.04,1.0199999809265137,-1.923079,-10% to 0%
LOTTERY_RAW,2026-09-09T04:00:33.374529+00:00,scheduler,GRNQ,GRNQ,9.84,13.229999542236328,34.451215,30% and higher
LOTTERY_RAW,2026-09-09T04:00:33.374529+00:00,scheduler,ISPC,ISPC,1.6,1.5499999523162842,-3.125003,-10% to 0%
LOTTERY_RAW,2026-09-09T04:00:33.374529+00:00,scheduler,BFJL,BFJL,18.539,18.538999557495117,-2e-06,-10% to 0%
LOTTERY_RAW,2026-09-09T04:00:33.374529+00:00,scheduler,REGS,REGS,11.5,11.449999809265137,-0.434784,-10% to 0%
LOTTERY_RAW,2026-09-09T04:00:33.374529+00:00,scheduler,HCWB,HCWB,2.57,2.4600000381469727,-4.280154,-10% to 0%
LOTTERY_RAW,2026-09-09T04:00:33.374529+00:00,scheduler,BIDG,BIDG,7.21,6.849999904632568,-4.993067,-10% to 0%
LOTTERY_RAW,2026-09-09T04:00:33.374529+00:00,scheduler,GMEX,GMEX,0.6339,0.5710999965667725,-9.906926,-10% to 0%
LOTTERY_RAW,2026-09-09T04:00:33.374529+00:00,scheduler,CURX,CURX,4.42,4.199999809265137,-4.97738,-10% to 0%
LOTTERY_RAW,2026-09-09T04:00:33.374529+00:00,scheduler,MMESH,MESH,10.1,10.098199844360352,-0.017823,-10% to 0%
LOTTERY_RAW,2026-09-09T04:00:33.374529+00:00,scheduler,DDMAA,DMAA,10.79,10.800000190734863,0.09268,0% to <10%
LOTTERY_RAW,2026-09-09T04:00:33.374529+00:00,scheduler,SSMZ,SMZ,11.19,11.87030029296875,6.079538,0% to <10%
LOTTERY_RAW,2026-09-09T04:00:33.374529+00:00,scheduler,BBNR,BNR,10.71,11.989999771118164,11.951445,10% to <20%
LOTTERY_RAW,2026-09-09T04:00:33.374529+00:00,scheduler,HHERZ,HERZ,15.83,16.229999542236328,2.526845,0% to <10%
LOTTERY_RAW,2026-09-09T04:00:33.374529+00:00,scheduler,CCYCN,CYCN,3.36,23.939998626708984,612.499959,30% and higher
LOTTERY_RAW,2026-09-09T04:00:33.374529+00:00,scheduler,DDXR,DXR,10.46,10.850000381469727,3.728493,0% to <10%
LOTTERY_RAW,2026-09-09T04:00:33.374529+00:00,scheduler,MMUG,MUG,16.6,17.49020004272461,5.362651,0% to <10%
LOTTERY_RAW,2026-09-09T04:00:33.374529+00:00,scheduler,MMXC,MXC,11.04,10.739999771118164,-2.717393,-10% to 0%
LOTTERY_RAW,2026-09-09T04:00:33.374529+00:00,scheduler,RRACC,RACC,11.54,11.600000381469727,0.519934,0% to <10%
LOTTERY_RAW,2026-09-09T04:00:33.374529+00:00,scheduler,KKJD,KJD,15.81,14.977499961853027,-5.265655,-10% to 0%
LOTTERY_RAW,2026-09-09T04:00:33.374529+00:00,scheduler,MESH,MESH,10.04,10.098199844360352,0.57968,0% to <10%
LOTTERY_RAW,2026-09-09T04:00:33.374529+00:00,scheduler,DMAA,DMAA,10.92,10.800000190734863,-1.098899,-10% to 0%
LOTTERY_RAW,2026-09-09T04:00:33.374529+00:00,scheduler,SMZ,SMZ,11.2,11.87030029296875,5.984824,0% to <10%
LOTTERY_RAW,2026-09-09T04:00:33.374529+00:00,scheduler,QUA,QUA,14.68,13.76990032196045,-6.199589,-10% to 0%
LOTTERY_RAW,2026-09-09T04:00:33.374529+00:00,scheduler,SST,SST,4.94,4.409999847412109,-10.728748,-20% to -10%
LOTTERY_RAW,2026-09-09T04:00:33.374529+00:00,scheduler,WYHG,WYHG,5.16,4.980000019073486,-3.488372,-10% to 0%
LOTTERY_RAW,2026-09-09T04:00:33.374529+00:00,scheduler,HERZ,HERZ,16.255,16.229999542236328,-0.153802,-10% to 0%
LOTTERY_RAW,2026-09-09T04:00:33.374529+00:00,scheduler,DXR,DXR,10.19,10.850000381469727,6.476942,0% to <10%
LOTTERY_RAW,2026-09-09T04:00:33.374529+00:00,scheduler,TDOT,TDOT,14.9,13.484600067138672,-9.499328,-10% to 0%
LOTTERY_RAW,2026-09-09T04:00:33.374529+00:00,scheduler,MUG,MUG,17.74,17.49020004272461,-1.408117,-10% to 0%
LOTTERY_RAW,2026-09-09T04:00:33.374529+00:00,scheduler,MXC,MXC,8.64,10.739999771118164,24.305553,20% to <30%
LOTTERY_RAW,2026-09-09T04:00:33.374529+00:00,scheduler,RACC,RACC,11.93,11.600000381469727,-2.766133,-10% to 0%
LOTTERY_RAW,2026-09-09T04:00:33.374529+00:00,scheduler,KJD,KJD,16.8,14.977499961853027,-10.848215,-20% to -10%
LOTTERY_RAW,2026-09-09T04:00:33.374529+00:00,scheduler,OBX,OBX,18.73,18.68000030517578,-0.26695,-10% to 0%
LOTTERY_RAW,2026-09-09T04:00:33.374529+00:00,scheduler,ZZCMD,ZCMD,0.85,0.8809000253677368,3.635297,0% to <10%
LOTTERY_RAW,2026-09-09T04:00:33.374529+00:00,scheduler,MMRLN,MRLN,3.39,3.140000104904175,-7.374628,-10% to 0%
LOTTERY_RAW,2026-09-09T04:00:33.374529+00:00,scheduler,FFGI,FGI,7.55,7.730000019073486,2.384106,0% to <10%
LOTTERY_RAW,2026-09-09T04:00:33.374529+00:00,scheduler,BBXBL,BXBL,4.37,4.360000133514404,-0.22883,-10% to 0%
LOTTERY_RAW,2026-09-09T04:00:33.374529+00:00,scheduler,KKPTI,KPTI,1.72,1.690000057220459,-1.744183,-10% to 0%
LOTTERY_RAW,2026-09-09T04:00:33.374529+00:00,scheduler,FFRMM,FRMM,4.85,4.619999885559082,-4.74227,-10% to 0%
LOTTERY_RAW,2026-09-09T04:00:33.374529+00:00,scheduler,AAKAN,AKAN,3.28,3.25,-0.914634,-10% to 0%
LOTTERY_RAW,2026-09-09T04:00:33.374529+00:00,scheduler,PPLCE,PLCE,2.79,2.5399999618530273,-8.960575,-10% to 0%
LOTTERY_RAW,2026-09-09T04:00:33.374529+00:00,scheduler,HHQ,HQ,16.14,16.06999969482422,-0.433707,-10% to 0%
LOTTERY_RAW,2026-09-09T04:00:33.374529+00:00,scheduler,HHWH,HWH,1.8,1.8600000143051147,3.333334,0% to <10%
LOTTERY_RAW,2026-09-09T04:00:33.374529+00:00,scheduler,HHPK,HPK,8.15,8.210000038146973,0.736197,0% to <10%
LOTTERY_RAW,2026-09-09T04:00:33.374529+00:00,scheduler,LLENZ,LENZ,5.33,4.909999847412109,-7.879928,-10% to 0%
LOTTERY_RAW,2026-09-09T04:00:33.374529+00:00,scheduler,BBETR,BETR,13.6,13.460000038146973,-1.029411,-10% to 0%
LOTTERY_RAW,2026-09-09T04:00:33.374529+00:00,scheduler,GGRPN,GRPN,18.95,18.299999237060547,-3.430083,-10% to 0%
LOTTERY_RAW,2026-09-09T04:00:33.374529+00:00,scheduler,PPROK,PROK,1.99,1.850000023841858,-7.035175,-10% to 0%
LOTTERY_RAW,2026-09-09T04:00:33.374529+00:00,scheduler,SSVRA,SVRA,5.53,5.414999961853027,-2.079567,-10% to 0%
LOTTERY_RAW,2026-09-09T04:00:33.374529+00:00,scheduler,VVELO,VELO,11.96,10.90999984741211,-8.779265,-10% to 0%
LOTTERY_RAW,2026-09-09T04:00:33.374529+00:00,scheduler,SSHOE,SHOE,13.38,12.930000305175781,-3.363226,-10% to 0%
LOTTERY_RAW,2026-09-09T04:00:33.374529+00:00,scheduler,JJACK,JACK,15.16,14.779999732971191,-2.506598,-10% to 0%
LOTTERY_RAW,2026-09-09T04:00:33.374529+00:00,scheduler,VVIVO,VIVO,4.07,4.150000095367432,1.965604,0% to <10%
LOTTERY_RAW,2026-09-09T04:00:33.374529+00:00,scheduler,OOFAL,OFAL,0.72,0.6873999834060669,-4.52778,-10% to 0%
LOTTERY_RAW,2026-09-09T04:00:33.374529+00:00,scheduler,SSPRY,SPRY,5.39,5.230000019073486,-2.96846,-10% to 0%
LOTTERY_RAW,2026-09-09T04:00:33.374529+00:00,scheduler,IIEP,IEP,6.91,6.829999923706055,-1.157744,-10% to 0%
LOTTERY_RAW,2026-09-09T04:00:33.374529+00:00,scheduler,BBOXL,BOXL,5.88,5.769999980926514,-1.870749,-10% to 0%
LOTTERY_RAW,2026-09-09T04:00:33.374529+00:00,scheduler,WWKHS,WKHS,3.1,3.0799999237060547,-0.645164,-10% to 0%
LOTTERY_RAW,2026-09-09T04:00:33.374529+00:00,scheduler,FFRGT,FRGT,1.02,0.9700000286102295,-4.901958,-10% to 0%
LOTTERY_RAW,2026-09-09T04:00:33.374529+00:00,scheduler,NOK,NOK,10.67,10.760000228881836,0.843489,0% to <10%
LOTTERY_RAW,2026-09-09T04:00:33.374529+00:00,scheduler,TSLL,TSLL,9.81,9.850000381469727,0.407751,0% to <10%
LOTTERY_RAW,2026-09-09T04:00:33.374529+00:00,scheduler,NVD,NVD,3.74,3.809999942779541,1.871656,0% to <10%
LOTTERY_RAW,2026-09-09T04:00:33.374529+00:00,scheduler,PLUG,PLUG,2.27,2.1700000762939453,-4.405283,-10% to 0%
LOTTERY_RAW,2026-09-09T04:00:33.374529+00:00,scheduler,NU,NU,15.35,15.0,-2.28013,-10% to 0%
LOTTERY_RAW,2026-09-09T04:00:33.374529+00:00,scheduler,BITO,BITO,10.57,10.510000228881836,-0.567642,-10% to 0%
LOTTERY_RAW,2026-09-09T04:00:33.374529+00:00,scheduler,PCG,PCG,14.28,14.1899995803833,-0.630255,-10% to 0%
LOTTERY_RAW,2026-09-09T04:00:33.374529+00:00,scheduler,DVLT,DVLT,0.2212,0.20600000023841858,-6.871609,-10% to 0%
LOTTERY_RAW,2026-09-09T04:00:33.374529+00:00,scheduler,PATH,PATH,14.01,13.569999694824219,-3.140616,-10% to 0%
LOTTERY_RAW,2026-09-09T04:00:33.374529+00:00,scheduler,AAL,AAL,12.96,12.9399995803833,-0.154324,-10% to 0%
LOTTERY_RAW,2026-09-09T04:00:33.374529+00:00,scheduler,MARA,MARA,11.85,11.920000076293945,0.590718,0% to <10%
LOTTERY_RAW,2026-09-09T04:00:33.374529+00:00,scheduler,F,F,14.02,13.449999809265137,-4.065622,-10% to 0%
LOTTERY_RAW,2026-09-09T04:00:33.374529+00:00,scheduler,BTBT,BTBT,1.7,1.659999966621399,-2.352943,-10% to 0%
LOTTERY_RAW,2026-09-09T04:00:33.374529+00:00,scheduler,SPDN,SPDN,8.55,8.600000381469727,0.5848,0% to <10%
LOTTERY_RAW,2026-09-09T04:00:33.374529+00:00,scheduler,RIG,RIG,5.82,5.710000038146973,-1.890034,-10% to 0%
LOTTERY_RAW,2026-09-09T04:00:33.374529+00:00,scheduler,KEEL,KEEL,3.76,3.7100000381469727,-1.329786,-10% to 0%
LOTTERY_RAW,2026-09-09T04:00:33.374529+00:00,scheduler,GPUS,GPUS,0.1924,0.2013999968767166,4.677753,0% to <10%
LOTTERY_RAW,2026-09-09T04:00:33.374529+00:00,scheduler,RGTI,RGTI,15.86,15.239999771118164,-3.909207,-10% to 0%
LOTTERY_RAW,2026-09-09T04:00:33.374529+00:00,scheduler,CIFR,CIFR,18.45,16.899999618530273,-8.401086,-10% to 0%
LOTTERY_RAW,2026-09-09T04:00:33.374529+00:00,scheduler,ETHA,ETHA,18.78,18.579999923706055,-1.064963,-10% to 0%
LOTTERY_RAW,2026-09-09T04:00:33.374529+00:00,scheduler,SNDQ,SNDQ,11.62,11.399999618530273,-1.893291,-10% to 0%
LOTTERY_RAW,2026-09-09T04:00:33.374529+00:00,scheduler,AGNC,AGNC,10.71,10.510000228881836,-1.867411,-10% to 0%
LOTTERY_RAW,2026-09-09T04:00:33.374529+00:00,scheduler,GSIW,GSIW,22.19,14.399999618530273,-35.105905,Below -20%
LOTTERY_RAW,2026-09-09T04:00:33.374529+00:00,scheduler,BNR,BNR,26.0,11.989999771118164,-53.884616,Below -20%
LOTTERY_RAW,2026-09-09T04:00:33.374529+00:00,scheduler,SNXX,SNXX,26.5,17.850000381469727,-32.641508,Below -20%
LOTTERY_RAW,2026-09-09T04:00:33.374529+00:00,scheduler,GPRO,GPRO,1.44,1.4149999618530273,-1.736114,-10% to 0%
LOTTERY_RAW,2026-09-09T04:00:33.374529+00:00,scheduler,INDP,INDP,1.84,2.0799999237060547,13.043474,10% to <20%
LOTTERY_RAW,2026-09-09T04:00:33.374529+00:00,scheduler,CYCN,CYCN,4.03,23.939998626708984,494.044631,30% and higher
PHARMA_SHOCK,2026-09-09T04:00:33.374529+00:00,scheduler,ABT,ABT,105.575,105.2300033569336,-0.326779,-10% to 0%
PHARMA_SHOCK,2026-09-09T04:00:33.374529+00:00,scheduler,VOR,VOR,25.04,23.235000610351562,-7.208464,-10% to 0%
PHARMA_SHOCK,2026-09-09T04:00:33.374529+00:00,scheduler,IDYA,IDYA,38.815,38.349998474121094,-1.197994,-10% to 0%
PHARMA_SHOCK,2026-09-09T04:00:33.374529+00:00,scheduler,CATX,CATX,3.125,2.990000009536743,-4.32,-10% to 0%
PHARMA_SHOCK,2026-09-09T04:00:33.374529+00:00,scheduler,PBYI,PBYI,9.4,9.050000190734863,-3.723402,-10% to 0%
PHARMA_SHOCK,2026-09-09T04:00:33.374529+00:00,scheduler,AZN,AZN,160.04,156.94000244140625,-1.937014,-10% to 0%
CORE,2026-09-09T12:01:05.194142+00:00,scheduler,LDOS,LDOS,129.24,128.13999938964844,-0.85113,-10% to 0%
CORE,2026-09-09T12:01:05.194142+00:00,scheduler,DELL,DELL,531.4,535.25,0.724501,0% to <10%
CORE,2026-09-09T12:01:05.194142+00:00,scheduler,ALMU,ALMU,13.27,13.300000190734863,0.226075,0% to <10%
CORE,2026-09-09T12:01:05.194142+00:00,scheduler,INBX,INBX,119.99,112.86000061035156,-5.942161,-10% to 0%
CORE,2026-09-09T12:01:05.194142+00:00,scheduler,PLAY,PLAY,8.94,8.1899995803833,-8.389266,-10% to 0%
CORE,2026-09-09T12:01:05.194142+00:00,scheduler,CRML,CRML,7.26,7.070000171661377,-2.617078,-10% to 0%
CORE,2026-09-09T12:01:05.194142+00:00,scheduler,LOVE,LOVE,16.0,16.030000686645508,0.187504,0% to <10%
CORE,2026-09-09T12:01:05.194142+00:00,scheduler,SHOE,SHOE,13.28,12.930000305175781,-2.63554,-10% to 0%
CORE,2026-09-09T12:01:05.194142+00:00,scheduler,GIII,GIII,27.61,27.540000915527344,-0.253528,-10% to 0%
CORE,2026-09-09T12:01:05.194142+00:00,scheduler,RH,RH,143.9,139.3699951171875,-3.148023,-10% to 0%
CORE,2026-09-09T12:01:05.194142+00:00,scheduler,PATH,PATH,14.0488,13.569999694824219,-3.408122,-10% to 0%
CORE,2026-09-09T12:01:05.194142+00:00,scheduler,SAIL,SAIL,17.1,17.579999923706055,2.807017,0% to <10%
CORE,2026-09-09T12:01:05.194142+00:00,scheduler,FCEL,FCEL,17.55,16.56999969482422,-5.584047,-10% to 0%
CORE,2026-09-09T12:01:05.194142+00:00,scheduler,RR,RR,1.75,1.6699999570846558,-4.571431,-10% to 0%
CORE,2026-09-09T12:01:05.194142+00:00,scheduler,ASAN,ASAN,8.86,8.25,-6.884876,-10% to 0%
CORE,2026-09-09T12:01:05.194142+00:00,scheduler,OXM,OXM,31.39,30.649999618530273,-2.35744,-10% to 0%
CORE,2026-09-09T12:01:05.194142+00:00,scheduler,MMED,MMED,23.32,22.760000228881836,-2.401371,-10% to 0%
CORE,2026-09-09T12:01:05.194142+00:00,scheduler,CPB,CPB,21.675,21.8799991607666,0.945786,0% to <10%
CORE,2026-09-09T12:01:05.194142+00:00,scheduler,AI,AI,10.52,10.380000114440918,-1.330797,-10% to 0%
CORE,2026-09-09T12:01:05.194142+00:00,scheduler,CHPT,CHPT,9.4395,8.949999809265137,-5.185658,-10% to 0%
CORE,2026-09-09T12:01:05.194142+00:00,scheduler,BAH,BAH,72.0972,72.19999694824219,0.142581,0% to <10%
CORE,2026-09-09T12:01:05.194142+00:00,scheduler,FLWS,FLWS,3.76,3.490000009536743,-7.180851,-10% to 0%
CORE,2026-09-09T12:01:05.194142+00:00,scheduler,UPXI,UPXI,1.05,1.034999966621399,-1.428575,-10% to 0%
CORE,2026-09-09T12:01:05.194142+00:00,scheduler,ODD,ODD,16.46,16.479999542236328,0.121504,0% to <10%
STRATEGY,2026-09-09T12:01:05.194142+00:00,scheduler,AAEP,AEP,125.38,124.66999816894531,-0.56628,-10% to 0%
STRATEGY,2026-09-09T12:01:05.194142+00:00,scheduler,ADBE,ADBE,257.26,254.86000061035156,-0.932908,-10% to 0%
STRATEGY,2026-09-09T12:01:05.194142+00:00,scheduler,AEP,AEP,125.3752,124.66999816894531,-0.562473,-10% to 0%
STRATEGY,2026-09-09T12:01:05.194142+00:00,scheduler,AI,AI,10.52,10.380000114440918,-1.330797,-10% to 0%
STRATEGY,2026-09-09T12:01:05.194142+00:00,scheduler,ALMU,ALMU,13.27,13.300000190734863,0.226075,0% to <10%
STRATEGY,2026-09-09T12:01:05.194142+00:00,scheduler,ASAN,ASAN,8.86,8.25,-6.884876,-10% to 0%
STRATEGY,2026-09-09T12:01:05.194142+00:00,scheduler,BBBJP,BBJP,79.0,78.25,-0.949367,-10% to 0%
STRATEGY,2026-09-09T12:01:05.194142+00:00,scheduler,BBITU,BITU,13.92,13.550000190734863,-2.658045,-10% to 0%
STRATEGY,2026-09-09T12:01:05.194142+00:00,scheduler,BBITX,BITX,17.99,17.479999542236328,-2.834911,-10% to 0%
STRATEGY,2026-09-09T12:01:05.194142+00:00,scheduler,BBJP,BBJP,79.0,78.25,-0.949367,-10% to 0%
STRATEGY,2026-09-09T12:01:05.194142+00:00,scheduler,BBNC,BNC,5.17,4.429999828338623,-14.31335,-20% to -10%
STRATEGY,2026-09-09T12:01:05.194142+00:00,scheduler,BBNO,BNO,58.83,59.31999969482422,0.832908,0% to <10%
STRATEGY,2026-09-09T12:01:05.194142+00:00,scheduler,BITU,BITU,13.9205,13.550000190734863,-2.661541,-10% to 0%
STRATEGY,2026-09-09T12:01:05.194142+00:00,scheduler,BITX,BITX,17.9895,17.479999542236328,-2.83221,-10% to 0%
STRATEGY,2026-09-09T12:01:05.194142+00:00,scheduler,BNC,BNC,5.17,4.429999828338623,-14.31335,-20% to -10%
STRATEGY,2026-09-09T12:01:05.194142+00:00,scheduler,BNO,BNO,58.9,59.31999969482422,0.713072,0% to <10%
STRATEGY,2026-09-09T12:01:05.194142+00:00,scheduler,BRZE,BRZE,30.31,23.725000381469727,-21.725502,Below -20%
STRATEGY,2026-09-09T12:01:05.194142+00:00,scheduler,CAPR,CAPR,9.01,8.640000343322754,-4.106544,-10% to 0%
STRATEGY,2026-09-09T12:01:05.194142+00:00,scheduler,CASY,CASY,733.49,629.030029296875,-14.241499,-20% to -10%
STRATEGY,2026-09-09T12:01:05.194142+00:00,scheduler,CCOHH,COHH,6.21,6.489999771118164,4.508853,0% to <10%
STRATEGY,2026-09-09T12:01:05.194142+00:00,scheduler,CCOHX,COHX,24.83,26.1200008392334,5.195332,0% to <10%
STRATEGY,2026-09-09T12:01:05.194142+00:00,scheduler,CCRCG,CRCG,17.59,16.010000228881836,-8.982375,-10% to 0%
STRATEGY,2026-09-09T12:01:05.194142+00:00,scheduler,CHPT,CHPT,9.4395,8.949999809265137,-5.185658,-10% to 0%
STRATEGY,2026-09-09T12:01:05.194142+00:00,scheduler,CHWY,CHWY,23.27,20.75,-10.829394,-20% to -10%
STRATEGY,2026-09-09T12:01:05.194142+00:00,scheduler,CNM,CNM,44.06,41.599998474121094,-5.583299,-10% to 0%
STRATEGY,2026-09-09T12:01:05.194142+00:00,scheduler,COHH,COHH,6.22,6.489999771118164,4.340832,0% to <10%
STRATEGY,2026-09-09T12:01:05.194142+00:00,scheduler,COHX,COHX,24.89,26.1200008392334,4.941747,0% to <10%
STRATEGY,2026-09-09T12:01:05.194142+00:00,scheduler,COO,COO,67.69,63.47999954223633,-6.219531,-10% to 0%
STRATEGY,2026-09-09T12:01:05.194142+00:00,scheduler,CPB,CPB,21.675,21.8799991607666,0.945786,0% to <10%
STRATEGY,2026-09-09T12:01:05.194142+00:00,scheduler,CPRT,CPRT,32.6,32.029998779296875,-1.74847,-10% to 0%
STRATEGY,2026-09-09T12:01:05.194142+00:00,scheduler,CRCG,CRCG,17.59,16.010000228881836,-8.982375,-10% to 0%
STRATEGY,2026-09-09T12:01:05.194142+00:00,scheduler,CRML,CRML,7.26,7.070000171661377,-2.617078,-10% to 0%
STRATEGY,2026-09-09T12:01:05.194142+00:00,scheduler,DELL,DELL,531.4,535.25,0.724501,0% to <10%
STRATEGY,2026-09-09T12:01:05.194142+00:00,scheduler,DSGX,DSGX,75.56,73.44000244140625,-2.805714,-10% to 0%
STRATEGY,2026-09-09T12:01:05.194142+00:00,scheduler,EETHU,ETHU,26.9,26.079999923706055,-3.048327,-10% to 0%
STRATEGY,2026-09-09T12:01:05.194142+00:00,scheduler,ETHU,ETHU,26.9284,26.079999923706055,-3.150577,-10% to 0%
STRATEGY,2026-09-09T12:01:05.194142+00:00,scheduler,FBL,FBL,25.81,26.40999984741211,2.32468,0% to <10%
STRATEGY,2026-09-09T12:01:05.194142+00:00,scheduler,FCEL,FCEL,17.55,16.56999969482422,-5.584047,-10% to 0%
STRATEGY,2026-09-09T12:01:05.194142+00:00,scheduler,FFBL,FBL,25.81,26.40999984741211,2.32468,0% to <10%
STRATEGY,2026-09-09T12:01:05.194142+00:00,scheduler,FLWS,FLWS,3.76,3.490000009536743,-7.180851,-10% to 0%
STRATEGY,2026-09-09T12:01:05.194142+00:00,scheduler,GIII,GIII,27.61,27.540000915527344,-0.253528,-10% to 0%
STRATEGY,2026-09-09T12:01:05.194142+00:00,scheduler,GME,GME,18.89,19.889999389648438,5.293803,0% to <10%
STRATEGY,2026-09-09T12:01:05.194142+00:00,scheduler,GPRO,GPRO,1.4803,1.4149999618530273,-4.411271,-10% to 0%
STRATEGY,2026-09-09T12:01:05.194142+00:00,scheduler,HOFT,HOFT,12.9,12.760000228881836,-1.08527,-10% to 0%
STRATEGY,2026-09-09T12:01:05.194142+00:00,scheduler,HTLM,HTLM,1.7,1.7000000476837158,3e-06,0% to <10%
STRATEGY,2026-09-09T12:01:05.194142+00:00,scheduler,IIONL,IONL,12.91,11.789999961853027,-8.675446,-10% to 0%
STRATEGY,2026-09-09T12:01:05.194142+00:00,scheduler,IIONX,IONX,23.43,21.43000030517578,-8.536064,-10% to 0%
STRATEGY,2026-09-09T12:01:05.194142+00:00,scheduler,IONL,IONL,12.91,11.789999961853027,-8.675446,-10% to 0%
STRATEGY,2026-09-09T12:01:05.194142+00:00,scheduler,IONX,IONX,23.56,21.43000030517578,-9.040746,-10% to 0%
STRATEGY,2026-09-09T12:01:05.194142+00:00,scheduler,KEN,KEN,68.57,69.2300033569336,0.962525,0% to <10%
STRATEGY,2026-09-09T12:01:05.194142+00:00,scheduler,KKORU,KORU,24.06,24.200000762939453,0.581882,0% to <10%
STRATEGY,2026-09-09T12:01:05.194142+00:00,scheduler,KORU,KORU,24.0601,24.200000762939453,0.581464,0% to <10%
STRATEGY,2026-09-09T12:01:05.194142+00:00,scheduler,KR,KR,57.2,56.439998626708984,-1.328674,-10% to 0%
STRATEGY,2026-09-09T12:01:05.194142+00:00,scheduler,KT,KT,19.78,19.739999771118164,-0.202226,-10% to 0%
STRATEGY,2026-09-09T12:01:05.194142+00:00,scheduler,LOVE,LOVE,16.0,16.030000686645508,0.187504,0% to <10%
STRATEGY,2026-09-09T12:01:05.194142+00:00,scheduler,META,META,645.1203,653.6900024414062,1.328388,0% to <10%
STRATEGY,2026-09-09T12:01:05.194142+00:00,scheduler,METU,METU,24.9315,25.540000915527344,2.440691,0% to <10%
STRATEGY,2026-09-09T12:01:05.194142+00:00,scheduler,MMED,MMED,23.32,22.760000228881836,-2.401371,-10% to 0%
STRATEGY,2026-09-09T12:01:05.194142+00:00,scheduler,MMETA,META,645.6,653.6900024414062,1.253098,0% to <10%
STRATEGY,2026-09-09T12:01:05.194142+00:00,scheduler,MMETU,METU,24.97,25.540000915527344,2.282743,0% to <10%
STRATEGY,2026-09-09T12:01:05.194142+00:00,scheduler,MMSTX,MMSTX,8.62,8.619999885559082,-1e-06,-10% to 0%
STRATEGY,2026-09-09T12:01:05.194142+00:00,scheduler,MRK,MRK,148.99,147.52999877929688,-0.979932,-10% to 0%
STRATEGY,2026-09-09T12:01:05.194142+00:00,scheduler,MRNA,MRNA,133.32,135.61000061035156,1.717672,0% to <10%
STRATEGY,2026-09-09T12:01:05.194142+00:00,scheduler,MSTX,MSTX,16.14,14.460000038146973,-10.408922,-20% to -10%
STRATEGY,2026-09-09T12:01:05.194142+00:00,scheduler,NB,NB,4.12,4.039999961853027,-1.941748,-10% to 0%
STRATEGY,2026-09-09T12:01:05.194142+00:00,scheduler,NNOK,NOK,10.88,10.760000228881836,-1.102939,-10% to 0%
STRATEGY,2026-09-09T12:01:05.194142+00:00,scheduler,ODD,ODD,16.46,16.479999542236328,0.121504,0% to <10%
STRATEGY,2026-09-09T12:01:05.194142+00:00,scheduler,ODD,ODD,16.5145,16.479999542236328,-0.20891,-10% to 0%
STRATEGY,2026-09-09T12:01:05.194142+00:00,scheduler,OODD,ODD,16.46,16.479999542236328,0.121504,0% to <10%
STRATEGY,2026-09-09T12:01:05.194142+00:00,scheduler,OORCU,ORCU,9.51,9.350000381469727,-1.682436,-10% to 0%
STRATEGY,2026-09-09T12:01:05.194142+00:00,scheduler,ORCL,ORCL,162.52,161.6300048828125,-0.547622,-10% to 0%
STRATEGY,2026-09-09T12:01:05.194142+00:00,scheduler,ORCU,ORCU,9.51,9.350000381469727,-1.682436,-10% to 0%
STRATEGY,2026-09-09T12:01:05.194142+00:00,scheduler,OXM,OXM,31.39,30.649999618530273,-2.35744,-10% to 0%
STRATEGY,2026-09-09T12:01:05.194142+00:00,scheduler,PATH,PATH,14.0488,13.569999694824219,-3.408122,-10% to 0%
STRATEGY,2026-09-09T12:01:05.194142+00:00,scheduler,PLAY,PLAY,8.94,8.1899995803833,-8.389266,-10% to 0%
STRATEGY,2026-09-09T12:01:05.194142+00:00,scheduler,RAM,RAM,14.2095,14.640000343322754,3.029666,0% to <10%
STRATEGY,2026-09-09T12:01:05.194142+00:00,scheduler,RGTX,RGTX,9.6796,9.149999618530273,-5.471304,-10% to 0%
STRATEGY,2026-09-09T12:01:05.194142+00:00,scheduler,RH,RH,143.9,139.3699951171875,-3.148023,-10% to 0%
STRATEGY,2026-09-09T12:01:05.194142+00:00,scheduler,RKLX,RKLX,16.61,14.489999771118164,-12.763397,-20% to -10%
STRATEGY,2026-09-09T12:01:05.194142+00:00,scheduler,RR,RR,1.75,1.6699999570846558,-4.571431,-10% to 0%
STRATEGY,2026-09-09T12:01:05.194142+00:00,scheduler,RRAM,RAM,14.21,14.640000343322754,3.02604,0% to <10%
STRATEGY,2026-09-09T12:01:05.194142+00:00,scheduler,RRGTX,RRGTX,7.82,7.820000171661377,2e-06,0% to <10%
STRATEGY,2026-09-09T12:01:05.194142+00:00,scheduler,RRKLX,RKLX,16.61,14.489999771118164,-12.763397,-20% to -10%
STRATEGY,2026-09-09T12:01:05.194142+00:00,scheduler,SAIL,SAIL,17.79,17.579999923706055,-1.180439,-10% to 0%
STRATEGY,2026-09-09T12:01:05.194142+00:00,scheduler,SAIL,SAIL,17.1,17.579999923706055,2.807017,0% to <10%
STRATEGY,2026-09-09T12:01:05.194142+00:00,scheduler,SHOE,SHOE,13.28,12.930000305175781,-2.63554,-10% to 0%
STRATEGY,2026-09-09T12:01:05.194142+00:00,scheduler,SIG,SIG,92.0579,102.4800033569336,11.321248,10% to <20%
STRATEGY,2026-09-09T12:01:05.194142+00:00,scheduler,SSIG,SIG,92.06,102.4800033569336,11.318709,10% to <20%
STRATEGY,2026-09-09T12:01:05.194142+00:00,scheduler,SSL,SSL,14.06,14.579999923706055,3.698435,0% to <10%
STRATEGY,2026-09-09T12:01:05.194142+00:00,scheduler,SSSL,SSL,14.06,14.579999923706055,3.698435,0% to <10%
STRATEGY,2026-09-09T12:01:05.194142+00:00,scheduler,SSUNB,SUNB,71.43,73.41999816894531,2.785942,0% to <10%
STRATEGY,2026-09-09T12:01:05.194142+00:00,scheduler,SUNB,SUNB,69.32,73.41999816894531,5.914596,0% to <10%
STRATEGY,2026-09-09T12:01:05.194142+00:00,scheduler,SUNB,SUNB,71.55,73.41999816894531,2.613554,0% to <10%
STRATEGY,2026-09-09T12:01:05.194142+00:00,scheduler,TH,TH,18.6969,19.200000762939453,2.690824,0% to <10%
STRATEGY,2026-09-09T12:01:05.194142+00:00,scheduler,TTAN,TTAN,81.58,57.119998931884766,-29.98284,Below -20%
STRATEGY,2026-09-09T12:01:05.194142+00:00,scheduler,TTH,TH,18.7,19.200000762939453,2.673801,0% to <10%
STRATEGY,2026-09-09T12:01:05.194142+00:00,scheduler,UGL,UGL,51.72,51.540000915527344,-0.348026,-10% to 0%
STRATEGY,2026-09-09T12:01:05.194142+00:00,scheduler,UPXI,UPXI,1.05,1.034999966621399,-1.428575,-10% to 0%
STRATEGY,2026-09-09T12:01:05.194142+00:00,scheduler,UUGL,UGL,51.72,51.540000915527344,-0.348026,-10% to 0%
STRATEGY,2026-09-09T12:01:05.194142+00:00,scheduler,VFS,VFS,3.1,3.059999942779541,-1.290324,-10% to 0%
LOTTERY_RAW,2026-09-09T12:01:05.194142+00:00,scheduler,CAPR,CAPR,9.01,8.640000343322754,-4.106544,-10% to 0%
LOTTERY_RAW,2026-09-09T12:01:05.194142+00:00,scheduler,OOLB,OLB,0.44,0.33500000834465027,-23.863634,Below -20%
LOTTERY_RAW,2026-09-09T12:01:05.194142+00:00,scheduler,YYMAT,YMAT,1.99,2.2699999809265137,14.070351,10% to <20%
LOTTERY_RAW,2026-09-09T12:01:05.194142+00:00,scheduler,SSUNE,SUNE,3.04,4.510000228881836,48.355271,30% and higher
LOTTERY_RAW,2026-09-09T12:01:05.194142+00:00,scheduler,MMIMI,MIMI,1.05,0.9401999711990356,-10.457146,-20% to -10%
LOTTERY_RAW,2026-09-09T12:01:05.194142+00:00,scheduler,FFAMI,FAMI,0.14,0.12999999523162842,-7.142861,-10% to 0%
LOTTERY_RAW,2026-09-09T12:01:05.194142+00:00,scheduler,FFGL,FGL,9.17,6.789999961853027,-25.954199,Below -20%
LOTTERY_RAW,2026-09-09T12:01:05.194142+00:00,scheduler,OODD,ODD,16.49,16.479999542236328,-0.060646,-10% to 0%
LOTTERY_RAW,2026-09-09T12:01:05.194142+00:00,scheduler,FRGT,FRGT,1.09,0.9700000286102295,-11.009172,-20% to -10%
LOTTERY_RAW,2026-09-09T12:01:05.194142+00:00,scheduler,AACCL,ACCL,2.96,3.0999999046325684,4.729727,0% to <10%
LOTTERY_RAW,2026-09-09T12:01:05.194142+00:00,scheduler,OLB,OLB,0.441,0.33500000834465027,-24.036279,Below -20%
LOTTERY_RAW,2026-09-09T12:01:05.194142+00:00,scheduler,YMAT,YMAT,1.9901,2.2699999809265137,14.064619,10% to <20%
LOTTERY_RAW,2026-09-09T12:01:05.194142+00:00,scheduler,SUNE,SUNE,3.048,4.510000228881836,47.965887,30% and higher
LOTTERY_RAW,2026-09-09T12:01:05.194142+00:00,scheduler,PDSB,PDSB,0.29,0.2930000126361847,1.034487,0% to <10%
LOTTERY_RAW,2026-09-09T12:01:05.194142+00:00,scheduler,FGL,FGL,9.17,6.789999961853027,-25.954199,Below -20%
LOTTERY_RAW,2026-09-09T12:01:05.194142+00:00,scheduler,BAOS,BAOS,0.32,0.33559998869895935,4.874996,0% to <10%
LOTTERY_RAW,2026-09-09T12:01:05.194142+00:00,scheduler,ZCMD,ZCMD,0.85,0.8809000253677368,3.635297,0% to <10%
LOTTERY_RAW,2026-09-09T12:01:05.194142+00:00,scheduler,MRLN,MRLN,3.37,3.140000104904175,-6.824923,-10% to 0%
LOTTERY_RAW,2026-09-09T12:01:05.194142+00:00,scheduler,FGI,FGI,7.55,7.730000019073486,2.384106,0% to <10%
LOTTERY_RAW,2026-09-09T12:01:05.194142+00:00,scheduler,BXBL,BXBL,4.4,4.360000133514404,-0.909088,-10% to 0%
LOTTERY_RAW,2026-09-09T12:01:05.194142+00:00,scheduler,KPTI,KPTI,1.72,1.690000057220459,-1.744183,-10% to 0%
LOTTERY_RAW,2026-09-09T12:01:05.194142+00:00,scheduler,FRMM,FRMM,4.93,4.619999885559082,-6.288035,-10% to 0%
LOTTERY_RAW,2026-09-09T12:01:05.194142+00:00,scheduler,AKAN,AKAN,3.27,3.25,-0.611621,-10% to 0%
LOTTERY_RAW,2026-09-09T12:01:05.194142+00:00,scheduler,PLCE,PLCE,2.8,2.5399999618530273,-9.285716,-10% to 0%
LOTTERY_RAW,2026-09-09T12:01:05.194142+00:00,scheduler,HQ,HQ,16.14,16.06999969482422,-0.433707,-10% to 0%
LOTTERY_RAW,2026-09-09T12:01:05.194142+00:00,scheduler,HWH,HWH,1.8,1.8600000143051147,3.333334,0% to <10%
LOTTERY_RAW,2026-09-09T12:01:05.194142+00:00,scheduler,DFSC,DFSC,1.57,1.5099999904632568,-3.821657,-10% to 0%
LOTTERY_RAW,2026-09-09T12:01:05.194142+00:00,scheduler,ONDS,ONDS,7.53,7.289999961853027,-3.187252,-10% to 0%
LOTTERY_RAW,2026-09-09T12:01:05.194142+00:00,scheduler,HPK,HPK,8.31,8.210000038146973,-1.203369,-10% to 0%
LOTTERY_RAW,2026-09-09T12:01:05.194142+00:00,scheduler,LENZ,LENZ,5.33,4.909999847412109,-7.879928,-10% to 0%
LOTTERY_RAW,2026-09-09T12:01:05.194142+00:00,scheduler,BETR,BETR,13.74,13.460000038146973,-2.037845,-10% to 0%
LOTTERY_RAW,2026-09-09T12:01:05.194142+00:00,scheduler,SOUN,SOUN,6.56,6.480000019073486,-1.219512,-10% to 0%
LOTTERY_RAW,2026-09-09T12:01:05.194142+00:00,scheduler,BTDR,BTDR,12.66,12.329999923706055,-2.606636,-10% to 0%
LOTTERY_RAW,2026-09-09T12:01:05.194142+00:00,scheduler,GRPN,GRPN,18.98,18.299999237060547,-3.582723,-10% to 0%
LOTTERY_RAW,2026-09-09T12:01:05.194142+00:00,scheduler,PROK,PROK,1.99,1.850000023841858,-7.035175,-10% to 0%
LOTTERY_RAW,2026-09-09T12:01:05.194142+00:00,scheduler,SVRA,SVRA,5.53,5.414999961853027,-2.079567,-10% to 0%
LOTTERY_RAW,2026-09-09T12:01:05.194142+00:00,scheduler,VELO,VELO,12.1,10.90999984741211,-9.834712,-10% to 0%
LOTTERY_RAW,2026-09-09T12:01:05.194142+00:00,scheduler,RXRX,RXRX,3.42,3.2149999141693115,-5.994155,-10% to 0%
LOTTERY_RAW,2026-09-09T12:01:05.194142+00:00,scheduler,SHOE,SHOE,13.39,12.930000305175781,-3.435397,-10% to 0%
LOTTERY_RAW,2026-09-09T12:01:05.194142+00:00,scheduler,PRME,PRME,3.49,3.4700000286102295,-0.573065,-10% to 0%
LOTTERY_RAW,2026-09-09T12:01:05.194142+00:00,scheduler,LCID,LCID,4.65,4.269999980926514,-8.172043,-10% to 0%
LOTTERY_RAW,2026-09-09T12:01:05.194142+00:00,scheduler,BRNX,BRNX,2.32,2.630000114440918,13.362074,10% to <20%
LOTTERY_RAW,2026-09-09T12:01:05.194142+00:00,scheduler,JACK,JACK,15.09,14.779999732971191,-2.054342,-10% to 0%
LOTTERY_RAW,2026-09-09T12:01:05.194142+00:00,scheduler,VIVO,VIVO,4.11,4.150000095367432,0.973238,0% to <10%
LOTTERY_RAW,2026-09-09T12:01:05.194142+00:00,scheduler,OFAL,OFAL,0.72,0.6873999834060669,-4.52778,-10% to 0%
LOTTERY_RAW,2026-09-09T12:01:05.194142+00:00,scheduler,XRX,XRX,3.17,3.140000104904175,-0.946369,-10% to 0%
LOTTERY_RAW,2026-09-09T12:01:05.194142+00:00,scheduler,SPRY,SPRY,5.4,5.230000019073486,-3.148148,-10% to 0%
LOTTERY_RAW,2026-09-09T12:01:05.194142+00:00,scheduler,IEP,IEP,6.93,6.829999923706055,-1.443003,-10% to 0%
LOTTERY_RAW,2026-09-09T12:01:05.194142+00:00,scheduler,SERV,SERV,4.9,4.65500020980835,-4.999996,-10% to 0%
LOTTERY_RAW,2026-09-09T12:01:05.194142+00:00,scheduler,BOXL,BOXL,5.87,5.769999980926514,-1.703578,-10% to 0%
LOTTERY_RAW,2026-09-09T12:01:05.194142+00:00,scheduler,WKHS,WKHS,3.06,3.0799999237060547,0.653592,0% to <10%
LOTTERY_RAW,2026-09-09T12:01:05.194142+00:00,scheduler,AI,AI,10.52,10.380000114440918,-1.330797,-10% to 0%
LOTTERY_RAW,2026-09-09T12:01:05.194142+00:00,scheduler,NTLA,NTLA,12.8,12.210000038146973,-4.609375,-10% to 0%
LOTTERY_RAW,2026-09-09T12:01:05.194142+00:00,scheduler,MMETG,METG,16.34,16.84000015258789,3.059976,0% to <10%
LOTTERY_RAW,2026-09-09T12:01:05.194142+00:00,scheduler,MMODD,MODD,3.12,2.809999942779541,-9.935899,-10% to 0%
LOTTERY_RAW,2026-09-09T12:01:05.194142+00:00,scheduler,OOCC,OCC,15.31,13.699999809265137,-10.516004,-20% to -10%
LOTTERY_RAW,2026-09-09T12:01:05.194142+00:00,scheduler,IINNV,INNV,11.7,11.029999732971191,-5.726498,-10% to 0%
LOTTERY_RAW,2026-09-09T12:01:05.194142+00:00,scheduler,WWETH,WETH,1.27,1.1699999570846558,-7.874019,-10% to 0%
LOTTERY_RAW,2026-09-09T12:01:05.194142+00:00,scheduler,IIRD,IRD,4.81,5.730000019073486,19.12682,10% to <20%
LOTTERY_RAW,2026-09-09T12:01:05.194142+00:00,scheduler,SSHEN,SHEN,13.5,11.920000076293945,-11.703703,-20% to -10%
LOTTERY_RAW,2026-09-09T12:01:05.194142+00:00,scheduler,VVVOS,VVOS,0.16,0.17020000517368317,6.375003,0% to <10%
LOTTERY_RAW,2026-09-09T12:01:05.194142+00:00,scheduler,CCAN,CAN,0.34,0.31619998812675476,-7.000003,-10% to 0%
LOTTERY_RAW,2026-09-09T12:01:05.194142+00:00,scheduler,SSDA,SDA,0.43,0.6000000238418579,39.534889,30% and higher
LOTTERY_RAW,2026-09-09T12:01:05.194142+00:00,scheduler,SSCNX,SSCNX,0.33,17.40999984741211,5175.75753,30% and higher
LOTTERY_RAW,2026-09-09T12:01:05.194142+00:00,scheduler,GGCDT,GCDT,0.65,0.6383000016212463,-1.8,-10% to 0%
LOTTERY_RAW,2026-09-09T12:01:05.194142+00:00,scheduler,AAIM,AIM,0.23,0.23319999873638153,1.391304,0% to <10%
LOTTERY_RAW,2026-09-09T12:01:05.194142+00:00,scheduler,LLABT,LABT,2.01,2.319999933242798,15.422882,10% to <20%
LOTTERY_RAW,2026-09-09T12:01:05.194142+00:00,scheduler,PPDSB,PDSB,0.29,0.2930000126361847,1.034487,0% to <10%
LOTTERY_RAW,2026-09-09T12:01:05.194142+00:00,scheduler,DDPU,DPU,2.04,2.049999952316284,0.490194,0% to <10%
LOTTERY_RAW,2026-09-09T12:01:05.194142+00:00,scheduler,ZZJYL,ZJYL,2.14,2.25,5.140187,0% to <10%
LOTTERY_RAW,2026-09-09T12:01:05.194142+00:00,scheduler,SSER,SER,2.7,2.569999933242798,-4.814817,-10% to 0%
LOTTERY_RAW,2026-09-09T12:01:05.194142+00:00,scheduler,FFRGT,FRGT,1.09,0.9700000286102295,-11.009172,-20% to -10%
LOTTERY_RAW,2026-09-09T12:01:05.194142+00:00,scheduler,BBFRG,BFRG,0.53,0.492000013589859,-7.169809,-10% to 0%
LOTTERY_RAW,2026-09-09T12:01:05.194142+00:00,scheduler,IIMMX,IMMX,14.5,12.3100004196167,-15.103445,-20% to -10%
LOTTERY_RAW,2026-09-09T12:01:05.194142+00:00,scheduler,ZZSTK,ZSTK,4.7,4.235000133514404,-9.893614,-10% to 0%
LOTTERY_RAW,2026-09-09T12:01:05.194142+00:00,scheduler,CCGNT,CGNT,8.99,8.149999618530273,-9.343719,-10% to 0%
LOTTERY_RAW,2026-09-09T12:01:05.194142+00:00,scheduler,OOKUR,OKUR,3.7,3.380000114440918,-8.648646,-10% to 0%
LOTTERY_RAW,2026-09-09T12:01:05.194142+00:00,scheduler,IIMNN,IMNN,1.67,1.5099999904632568,-9.580839,-10% to 0%
LOTTERY_RAW,2026-09-09T12:01:05.194142+00:00,scheduler,CCAL,CAL,12.91,12.149999618530273,-5.886912,-10% to 0%
LOTTERY_RAW,2026-09-09T12:01:05.194142+00:00,scheduler,LLESL,LESL,0.58,0.5023000240325928,-13.396548,-20% to -10%
LOTTERY_RAW,2026-09-09T12:01:05.194142+00:00,scheduler,NNOK,NOK,10.89,10.760000228881836,-1.193754,-10% to 0%
LOTTERY_RAW,2026-09-09T12:01:05.194142+00:00,scheduler,SSNXX,SSNXX,17.16,1.0,-94.172494,Below -20%
LOTTERY_RAW,2026-09-09T12:01:05.194142+00:00,scheduler,GGPRO,GPRO,1.49,1.4149999618530273,-5.03356,-10% to 0%
LOTTERY_RAW,2026-09-09T12:01:05.194142+00:00,scheduler,DDVLT,DVLT,0.22,0.20600000023841858,-6.363636,-10% to 0%
LOTTERY_RAW,2026-09-09T12:01:05.194142+00:00,scheduler,SSNDQ,SNDQ,11.85,11.399999618530273,-3.797472,-10% to 0%
LOTTERY_RAW,2026-09-09T12:01:05.194142+00:00,scheduler,VVOS,VVOS,0.1631,0.17020000517368317,4.353161,0% to <10%
LOTTERY_RAW,2026-09-09T12:01:05.194142+00:00,scheduler,CAN,CAN,0.3351,0.31619998812675476,-5.640111,-10% to 0%
LOTTERY_RAW,2026-09-09T12:01:05.194142+00:00,scheduler,MIMI,MIMI,1.0585,0.9401999711990356,-11.176195,-20% to -10%
LOTTERY_RAW,2026-09-09T12:01:05.194142+00:00,scheduler,SDA,SDA,0.4268,0.6000000238418579,40.581074,30% and higher
LOTTERY_RAW,2026-09-09T12:01:05.194142+00:00,scheduler,SCNX,SCNX,0.3286,0.3671000003814697,11.716373,10% to <20%
LOTTERY_RAW,2026-09-09T12:01:05.194142+00:00,scheduler,FAMI,FAMI,0.1452,0.12999999523162842,-10.468323,-20% to -10%
LOTTERY_RAW,2026-09-09T12:01:05.194142+00:00,scheduler,GCDT,GCDT,0.6546,0.6383000016212463,-2.49007,-10% to 0%
LOTTERY_RAW,2026-09-09T12:01:05.194142+00:00,scheduler,AIM,AIM,0.2305,0.23319999873638153,1.171366,0% to <10%
LOTTERY_RAW,2026-09-09T12:01:05.194142+00:00,scheduler,LABT,LABT,2.01,2.319999933242798,15.422882,10% to <20%
LOTTERY_RAW,2026-09-09T12:01:05.194142+00:00,scheduler,BBNC,BNC,5.17,4.429999828338623,-14.31335,-20% to -10%
LOTTERY_RAW,2026-09-09T12:01:05.194142+00:00,scheduler,GGMEX,GMEX,0.58,0.5710999965667725,-1.534483,-10% to 0%
LOTTERY_RAW,2026-09-09T12:01:05.194142+00:00,scheduler,MMETD,METD,14.8,14.579999923706055,-1.486487,-10% to 0%
LOTTERY_RAW,2026-09-09T12:01:05.194142+00:00,scheduler,BNC,BNC,5.16,4.429999828338623,-14.14729,-20% to -10%
LOTTERY_RAW,2026-09-09T12:01:05.194142+00:00,scheduler,ODD,ODD,16.5063,16.479999542236328,-0.159336,-10% to 0%
LOTTERY_RAW,2026-09-09T12:01:05.194142+00:00,scheduler,GMEX,GMEX,0.5773,0.5710999965667725,-1.073966,-10% to 0%
LOTTERY_RAW,2026-09-09T12:01:05.194142+00:00,scheduler,METD,METD,14.7995,14.579999923706055,-1.483159,-10% to 0%
LOTTERY_RAW,2026-09-09T12:01:05.194142+00:00,scheduler,YYQ,YQ,3.75,4.570000171661377,21.866671,20% to <30%
LOTTERY_RAW,2026-09-09T12:01:05.194142+00:00,scheduler,GGLMD,GLMD,3.8,4.630000114440918,21.842108,20% to <30%
LOTTERY_RAW,2026-09-09T12:01:05.194142+00:00,scheduler,HHDL,HDL,12.49,12.0,-3.923139,-10% to 0%
LOTTERY_RAW,2026-09-09T12:01:05.194142+00:00,scheduler,DPU,DPU,2.0397,2.049999952316284,0.504974,0% to <10%
LOTTERY_RAW,2026-09-09T12:01:05.194142+00:00,scheduler,ACCL,ACCL,2.9503,3.0999999046325684,5.074057,0% to <10%
LOTTERY_RAW,2026-09-09T12:01:05.194142+00:00,scheduler,YQ,YQ,3.75,4.570000171661377,21.866671,20% to <30%
LOTTERY_RAW,2026-09-09T12:01:05.194142+00:00,scheduler,GLMD,GLMD,3.87,4.630000114440918,19.638246,10% to <20%
LOTTERY_RAW,2026-09-09T12:01:05.194142+00:00,scheduler,METG,METG,16.31,16.84000015258789,3.249541,0% to <10%
LOTTERY_RAW,2026-09-09T12:01:05.194142+00:00,scheduler,HDL,HDL,12.49,12.0,-3.923139,-10% to 0%
LOTTERY_RAW,2026-09-09T12:01:05.194142+00:00,scheduler,BBMNZ,BMNZ,5.26,5.679999828338623,7.984788,0% to <10%
LOTTERY_RAW,2026-09-09T12:01:05.194142+00:00,scheduler,SSNAG,SNAG,5.27,5.197400093078613,-1.377607,-10% to 0%
LOTTERY_RAW,2026-09-09T12:01:05.194142+00:00,scheduler,PPYXS,PYXS,3.1,3.380000114440918,9.032262,0% to <10%
LOTTERY_RAW,2026-09-09T12:01:05.194142+00:00,scheduler,BBWOW,BWOW,15.33,14.2568998336792,-7.000001,-10% to 0%
LOTTERY_RAW,2026-09-09T12:01:05.194142+00:00,scheduler,AAMZG,AMZG,14.99,15.039999961853027,0.333555,0% to <10%
LOTTERY_RAW,2026-09-09T12:01:05.194142+00:00,scheduler,FFEED,FEED,3.91,3.640000104904175,-6.905368,-10% to 0%
LOTTERY_RAW,2026-09-09T12:01:05.194142+00:00,scheduler,NNXAT,NXAT,1.47,1.309999942779541,-10.884358,-20% to -10%
LOTTERY_RAW,2026-09-09T12:01:05.194142+00:00,scheduler,NNUR,NUR,1.89,1.5499999523162842,-17.989421,-20% to -10%
LOTTERY_RAW,2026-09-09T12:01:05.194142+00:00,scheduler,LLITZ,LITZ,6.59,6.320000171661377,-4.097114,-10% to 0%
LOTTERY_RAW,2026-09-09T12:01:05.194142+00:00,scheduler,TTYRA,TYRA,19.1,22.010000228881836,15.235603,10% to <20%
LOTTERY_RAW,2026-09-09T12:01:05.194142+00:00,scheduler,SSOUX,SOUX,10.32,9.998299598693848,-3.117252,-10% to 0%
LOTTERY_RAW,2026-09-09T12:01:05.194142+00:00,scheduler,XXCUR,XCUR,1.37,1.4299999475479126,4.379558,0% to <10%
LOTTERY_RAW,2026-09-09T12:01:05.194142+00:00,scheduler,MODD,MODD,3.16,2.809999942779541,-11.075951,-20% to -10%
LOTTERY_RAW,2026-09-09T12:01:05.194142+00:00,scheduler,ZJYL,ZJYL,2.144,2.25,4.94403,0% to <10%
LOTTERY_RAW,2026-09-09T12:01:05.194142+00:00,scheduler,SER,SER,2.7,2.569999933242798,-4.814817,-10% to 0%
LOTTERY_RAW,2026-09-09T12:01:05.194142+00:00,scheduler,BMNZ,BMNZ,5.26,5.679999828338623,7.984788,0% to <10%
LOTTERY_RAW,2026-09-09T12:01:05.194142+00:00,scheduler,SNAG,SNAG,5.2,5.197400093078613,-0.049998,-10% to 0%
LOTTERY_RAW,2026-09-09T12:01:05.194142+00:00,scheduler,PYXS,PYXS,3.1,3.380000114440918,9.032262,0% to <10%
LOTTERY_RAW,2026-09-09T12:01:05.194142+00:00,scheduler,BWOW,BWOW,15.33,14.2568998336792,-7.000001,-10% to 0%
LOTTERY_RAW,2026-09-09T12:01:05.194142+00:00,scheduler,AMZG,AMZG,15.18,15.039999961853027,-0.922266,-10% to 0%
LOTTERY_RAW,2026-09-09T12:01:05.194142+00:00,scheduler,FEED,FEED,3.9121,3.640000104904175,-6.955341,-10% to 0%
LOTTERY_RAW,2026-09-09T12:01:05.194142+00:00,scheduler,NXAT,NXAT,1.55,1.309999942779541,-15.483875,-20% to -10%
LOTTERY_RAW,2026-09-09T12:01:05.194142+00:00,scheduler,NUR,NUR,1.9,1.5499999523162842,-18.421055,-20% to -10%
LOTTERY_RAW,2026-09-09T12:01:05.194142+00:00,scheduler,OCC,OCC,13.37,13.699999809265137,2.468211,0% to <10%
LOTTERY_RAW,2026-09-09T12:01:05.194142+00:00,scheduler,LITZ,LITZ,6.59,6.320000171661377,-4.097114,-10% to 0%
LOTTERY_RAW,2026-09-09T12:01:05.194142+00:00,scheduler,TYRA,TYRA,19.9,22.010000228881836,10.603016,10% to <20%
LOTTERY_RAW,2026-09-09T12:01:05.194142+00:00,scheduler,SOUX,SOUX,10.32,9.998299598693848,-3.117252,-10% to 0%
LOTTERY_RAW,2026-09-09T12:01:05.194142+00:00,scheduler,XCUR,XCUR,1.37,1.4299999475479126,4.379558,0% to <10%
LOTTERY_RAW,2026-09-09T12:01:05.194142+00:00,scheduler,BBAOS,BAOS,0.32,0.33559998869895935,4.874996,0% to <10%
LOTTERY_RAW,2026-09-09T12:01:05.194142+00:00,scheduler,ZZCMD,ZCMD,0.85,0.8809000253677368,3.635297,0% to <10%
LOTTERY_RAW,2026-09-09T12:01:05.194142+00:00,scheduler,MMRLN,MRLN,3.37,3.140000104904175,-6.824923,-10% to 0%
LOTTERY_RAW,2026-09-09T12:01:05.194142+00:00,scheduler,FFGI,FGI,7.55,7.730000019073486,2.384106,0% to <10%
LOTTERY_RAW,2026-09-09T12:01:05.194142+00:00,scheduler,BBXBL,BXBL,4.4,4.360000133514404,-0.909088,-10% to 0%
LOTTERY_RAW,2026-09-09T12:01:05.194142+00:00,scheduler,KKPTI,KPTI,1.72,1.690000057220459,-1.744183,-10% to 0%
LOTTERY_RAW,2026-09-09T12:01:05.194142+00:00,scheduler,FFRMM,FRMM,4.93,4.619999885559082,-6.288035,-10% to 0%
LOTTERY_RAW,2026-09-09T12:01:05.194142+00:00,scheduler,AAKAN,AKAN,3.27,3.25,-0.611621,-10% to 0%
LOTTERY_RAW,2026-09-09T12:01:05.194142+00:00,scheduler,PPLCE,PLCE,2.8,2.5399999618530273,-9.285716,-10% to 0%
LOTTERY_RAW,2026-09-09T12:01:05.194142+00:00,scheduler,HHQ,HQ,16.14,16.06999969482422,-0.433707,-10% to 0%
LOTTERY_RAW,2026-09-09T12:01:05.194142+00:00,scheduler,HHWH,HWH,1.8,1.8600000143051147,3.333334,0% to <10%
LOTTERY_RAW,2026-09-09T12:01:05.194142+00:00,scheduler,DDFSC,DFSC,1.57,1.5099999904632568,-3.821657,-10% to 0%
LOTTERY_RAW,2026-09-09T12:01:05.194142+00:00,scheduler,OONDS,ONDS,7.53,7.289999961853027,-3.187252,-10% to 0%
LOTTERY_RAW,2026-09-09T12:01:05.194142+00:00,scheduler,HHPK,HPK,8.31,8.210000038146973,-1.203369,-10% to 0%
LOTTERY_RAW,2026-09-09T12:01:05.194142+00:00,scheduler,LLENZ,LENZ,5.33,4.909999847412109,-7.879928,-10% to 0%
LOTTERY_RAW,2026-09-09T12:01:05.194142+00:00,scheduler,BBETR,BETR,13.74,13.460000038146973,-2.037845,-10% to 0%
LOTTERY_RAW,2026-09-09T12:01:05.194142+00:00,scheduler,SSOUN,SOUN,6.56,6.480000019073486,-1.219512,-10% to 0%
LOTTERY_RAW,2026-09-09T12:01:05.194142+00:00,scheduler,BBTDR,BTDR,12.66,12.329999923706055,-2.606636,-10% to 0%
LOTTERY_RAW,2026-09-09T12:01:05.194142+00:00,scheduler,GGRPN,GRPN,18.98,18.299999237060547,-3.582723,-10% to 0%
LOTTERY_RAW,2026-09-09T12:01:05.194142+00:00,scheduler,PPROK,PROK,1.99,1.850000023841858,-7.035175,-10% to 0%
LOTTERY_RAW,2026-09-09T12:01:05.194142+00:00,scheduler,SSVRA,SVRA,5.53,5.414999961853027,-2.079567,-10% to 0%
LOTTERY_RAW,2026-09-09T12:01:05.194142+00:00,scheduler,VVELO,VELO,12.1,10.90999984741211,-9.834712,-10% to 0%
LOTTERY_RAW,2026-09-09T12:01:05.194142+00:00,scheduler,RRXRX,RXRX,3.42,3.2149999141693115,-5.994155,-10% to 0%
LOTTERY_RAW,2026-09-09T12:01:05.194142+00:00,scheduler,SSHOE,SHOE,13.39,12.930000305175781,-3.435397,-10% to 0%
LOTTERY_RAW,2026-09-09T12:01:05.194142+00:00,scheduler,PPRME,PRME,3.49,3.4700000286102295,-0.573065,-10% to 0%
LOTTERY_RAW,2026-09-09T12:01:05.194142+00:00,scheduler,LLCID,LCID,4.65,4.269999980926514,-8.172043,-10% to 0%
LOTTERY_RAW,2026-09-09T12:01:05.194142+00:00,scheduler,BBRNX,BRNX,2.32,2.630000114440918,13.362074,10% to <20%
LOTTERY_RAW,2026-09-09T12:01:05.194142+00:00,scheduler,JJACK,JACK,15.09,14.779999732971191,-2.054342,-10% to 0%
LOTTERY_RAW,2026-09-09T12:01:05.194142+00:00,scheduler,VVIVO,VIVO,4.11,4.150000095367432,0.973238,0% to <10%
LOTTERY_RAW,2026-09-09T12:01:05.194142+00:00,scheduler,OOFAL,OFAL,0.72,0.6873999834060669,-4.52778,-10% to 0%
LOTTERY_RAW,2026-09-09T12:01:05.194142+00:00,scheduler,XXRX,XRX,3.17,3.140000104904175,-0.946369,-10% to 0%
LOTTERY_RAW,2026-09-09T12:01:05.194142+00:00,scheduler,SSPRY,SPRY,5.4,5.230000019073486,-3.148148,-10% to 0%
LOTTERY_RAW,2026-09-09T12:01:05.194142+00:00,scheduler,IIEP,IEP,6.93,6.829999923706055,-1.443003,-10% to 0%
LOTTERY_RAW,2026-09-09T12:01:05.194142+00:00,scheduler,SSERV,SERV,4.9,4.65500020980835,-4.999996,-10% to 0%
LOTTERY_RAW,2026-09-09T12:01:05.194142+00:00,scheduler,BBOXL,BOXL,5.87,5.769999980926514,-1.703578,-10% to 0%
LOTTERY_RAW,2026-09-09T12:01:05.194142+00:00,scheduler,WWKHS,WKHS,3.06,3.0799999237060547,0.653592,0% to <10%
LOTTERY_RAW,2026-09-09T12:01:05.194142+00:00,scheduler,AAI,AI,10.52,10.380000114440918,-1.330797,-10% to 0%
LOTTERY_RAW,2026-09-09T12:01:05.194142+00:00,scheduler,CCAPR,CAPR,9.01,8.640000343322754,-4.106544,-10% to 0%
LOTTERY_RAW,2026-09-09T12:01:05.194142+00:00,scheduler,NNTLA,NTLA,12.8,12.210000038146973,-4.609375,-10% to 0%
LOTTERY_RAW,2026-09-09T12:01:05.194142+00:00,scheduler,INNV,INNV,11.7,11.029999732971191,-5.726498,-10% to 0%
LOTTERY_RAW,2026-09-09T12:01:05.194142+00:00,scheduler,WETH,WETH,1.27,1.1699999570846558,-7.874019,-10% to 0%
LOTTERY_RAW,2026-09-09T12:01:05.194142+00:00,scheduler,TTSLL,TSLL,9.68,9.850000381469727,1.756202,0% to <10%
LOTTERY_RAW,2026-09-09T12:01:05.194142+00:00,scheduler,SSOAR,SOAR,0.21,0.210099995136261,0.047617,0% to <10%
LOTTERY_RAW,2026-09-09T12:01:05.194142+00:00,scheduler,NOK,NOK,10.8885,10.760000228881836,-1.180142,-10% to 0%
LOTTERY_RAW,2026-09-09T12:01:05.194142+00:00,scheduler,SNXX,SNXX,17.17,17.850000381469727,3.960398,0% to <10%
LOTTERY_RAW,2026-09-09T12:01:05.194142+00:00,scheduler,DVLT,DVLT,0.2176,0.20600000023841858,-5.330882,-10% to 0%
LOTTERY_RAW,2026-09-09T12:01:05.194142+00:00,scheduler,SNDQ,SNDQ,11.84,11.399999618530273,-3.716219,-10% to 0%
LOTTERY_RAW,2026-09-09T12:01:05.194142+00:00,scheduler,TSLL,TSLL,9.68,9.850000381469727,1.756202,0% to <10%
LOTTERY_RAW,2026-09-09T12:01:05.194142+00:00,scheduler,SOAR,SOAR,0.2104,0.210099995136261,-0.142588,-10% to 0%
LOTTERY_RAW,2026-09-09T12:01:05.194142+00:00,scheduler,EETHA,ETHA,18.88,18.579999923706055,-1.588983,-10% to 0%
LOTTERY_RAW,2026-09-09T12:01:05.194142+00:00,scheduler,SSNAP,SNAP,5.33,5.309999942779541,-0.375236,-10% to 0%
LOTTERY_RAW,2026-09-09T12:01:05.194142+00:00,scheduler,MMSTZ,MSTZ,3.85,4.25,10.38961,10% to <20%
LOTTERY_RAW,2026-09-09T12:01:05.194142+00:00,scheduler,RRITR,RITR,0.09,0.08699999749660492,-3.333336,-10% to 0%
LOTTERY_RAW,2026-09-09T12:01:05.194142+00:00,scheduler,GGPUS,GPUS,0.19,0.2013999968767166,5.999998,0% to <10%
LOTTERY_RAW,2026-09-09T12:01:05.194142+00:00,scheduler,SSPCH,SPCH,10.44,9.789999961853027,-6.226054,-10% to 0%
LOTTERY_RAW,2026-09-09T12:01:05.194142+00:00,scheduler,RRAM,RAM,14.22,14.640000343322754,2.953589,0% to <10%
LOTTERY_RAW,2026-09-09T12:01:05.194142+00:00,scheduler,CCONL,CONL,5.74,5.300000190734863,-7.665502,-10% to 0%
LOTTERY_RAW,2026-09-09T12:01:05.194142+00:00,scheduler,NNIO,NIO,3.79,3.700000047683716,-2.374669,-10% to 0%
LOTTERY_RAW,2026-09-09T12:01:05.194142+00:00,scheduler,SSSPC,SSPC,8.95,9.479999542236328,5.921783,0% to <10%
LOTTERY_RAW,2026-09-09T12:01:05.194142+00:00,scheduler,AADBT,ADBT,0.33,0.3140000104904175,-4.848482,-10% to 0%
LOTTERY_RAW,2026-09-09T12:01:05.194142+00:00,scheduler,VVXX,VXX,18.21,18.299999237060547,0.49423,0% to <10%
LOTTERY_RAW,2026-09-09T12:01:05.194142+00:00,scheduler,SSKDD,SKDD,7.42,6.416999816894531,-13.517523,-20% to -10%
LOTTERY_RAW,2026-09-09T12:01:05.194142+00:00,scheduler,UUVXY,UVXY,18.24,18.3799991607666,0.767539,0% to <10%
LOTTERY_RAW,2026-09-09T12:01:05.194142+00:00,scheduler,MMSTX,MMSTX,16.06,8.619999885559082,-46.326277,Below -20%
LOTTERY_RAW,2026-09-09T12:01:05.194142+00:00,scheduler,BBITX,BITX,17.96,17.479999542236328,-2.672608,-10% to 0%
LOTTERY_RAW,2026-09-09T12:01:05.194142+00:00,scheduler,ETHA,ETHA,18.8702,18.579999923706055,-1.537875,-10% to 0%
LOTTERY_RAW,2026-09-09T12:01:05.194142+00:00,scheduler,SNAP,SNAP,5.33,5.309999942779541,-0.375236,-10% to 0%
LOTTERY_RAW,2026-09-09T12:01:05.194142+00:00,scheduler,MSTZ,MSTZ,3.84,4.25,10.677083,10% to <20%
LOTTERY_RAW,2026-09-09T12:01:05.194142+00:00,scheduler,RITR,RITR,0.0857,0.08699999749660492,1.516917,0% to <10%
LOTTERY_RAW,2026-09-09T12:01:05.194142+00:00,scheduler,GPUS,GPUS,0.1907,0.2013999968767166,5.610906,0% to <10%
LOTTERY_RAW,2026-09-09T12:01:05.194142+00:00,scheduler,SPCH,SPCH,10.41,9.789999961853027,-5.955812,-10% to 0%
LOTTERY_RAW,2026-09-09T12:01:05.194142+00:00,scheduler,RAM,RAM,14.22,14.640000343322754,2.953589,0% to <10%
LOTTERY_RAW,2026-09-09T12:01:05.194142+00:00,scheduler,CONL,CONL,5.7516,5.300000190734863,-7.851725,-10% to 0%
LOTTERY_RAW,2026-09-09T12:01:05.194142+00:00,scheduler,NIO,NIO,3.78,3.700000047683716,-2.116401,-10% to 0%
LOTTERY_RAW,2026-09-09T12:01:05.194142+00:00,scheduler,SSPC,SSPC,8.9697,9.479999542236328,5.689148,0% to <10%
LOTTERY_RAW,2026-09-09T12:01:05.194142+00:00,scheduler,ADBT,ADBT,0.3238,0.3140000104904175,-3.026556,-10% to 0%
LOTTERY_RAW,2026-09-09T12:01:05.194142+00:00,scheduler,VXX,VXX,18.2184,18.299999237060547,0.447895,0% to <10%
LOTTERY_RAW,2026-09-09T12:01:05.194142+00:00,scheduler,SKDD,SKDD,7.42,6.416999816894531,-13.517523,-20% to -10%
LOTTERY_RAW,2026-09-09T12:01:05.194142+00:00,scheduler,UVXY,UVXY,18.2499,18.3799991607666,0.712876,0% to <10%
LOTTERY_RAW,2026-09-09T12:01:05.194142+00:00,scheduler,MSTX,MSTX,16.0757,14.460000038146973,-10.050573,-20% to -10%
LOTTERY_RAW,2026-09-09T12:01:05.194142+00:00,scheduler,BITX,BITX,17.9795,17.479999542236328,-2.778167,-10% to 0%
LOTTERY_RAW,2026-09-09T12:01:05.194142+00:00,scheduler,GPRO,GPRO,1.4803,1.4149999618530273,-4.411271,-10% to 0%
PHARMA_SHOCK,2026-09-09T12:01:05.194142+00:00,scheduler,ROIV,ROIV,41.45,41.810001373291016,0.86852,0% to <10%
PHARMA_SHOCK,2026-09-09T12:01:05.194142+00:00,scheduler,ABT,ABT,105.575,105.2300033569336,-0.326779,-10% to 0%
PHARMA_SHOCK,2026-09-09T12:01:05.194142+00:00,scheduler,VOR,VOR,25.04,23.235000610351562,-7.208464,-10% to 0%
PHARMA_SHOCK,2026-09-09T12:01:05.194142+00:00,scheduler,CRVS,CRVS,13.92,13.329999923706055,-4.238506,-10% to 0%
PHARMA_SHOCK,2026-09-09T12:01:05.194142+00:00,scheduler,DFTX,DFTX,38.2,37.9900016784668,-0.549734,-10% to 0%
PHARMA_SHOCK,2026-09-09T12:01:05.194142+00:00,scheduler,CATX,CATX,3.125,2.990000009536743,-4.32,-10% to 0%
PHARMA_SHOCK,2026-09-09T12:01:05.194142+00:00,scheduler,AZN,AZN,160.04,156.94000244140625,-1.937014,-10% to 0%
CORE,2026-09-09T13:03:16.719791+00:00,launch_control_full_terminal,LDOS,LDOS,128.8,128.13999938964844,-0.512423,-10% to 0%
CORE,2026-09-09T13:03:16.719791+00:00,launch_control_full_terminal,DELL,DELL,534.95,535.25,0.05608,0% to <10%
CORE,2026-09-09T13:03:16.719791+00:00,launch_control_full_terminal,ALMU,ALMU,13.17,13.300000190734863,0.987093,0% to <10%
CORE,2026-09-09T13:03:16.719791+00:00,launch_control_full_terminal,INBX,INBX,117.37,112.86000061035156,-3.842549,-10% to 0%
CORE,2026-09-09T13:03:16.719791+00:00,launch_control_full_terminal,PLAY,PLAY,8.79,8.1899995803833,-6.825943,-10% to 0%
CORE,2026-09-09T13:03:16.719791+00:00,launch_control_full_terminal,CRML,CRML,7.22,7.070000171661377,-2.07756,-10% to 0%
CORE,2026-09-09T13:03:16.719791+00:00,launch_control_full_terminal,LOVE,LOVE,15.98,16.030000686645508,0.312895,0% to <10%
CORE,2026-09-09T13:03:16.719791+00:00,launch_control_full_terminal,SHOE,SHOE,13.4866,12.930000305175781,-4.127057,-10% to 0%
CORE,2026-09-09T13:03:16.719791+00:00,launch_control_full_terminal,GIII,GIII,27.62,27.540000915527344,-0.289642,-10% to 0%
CORE,2026-09-09T13:03:16.719791+00:00,launch_control_full_terminal,RH,RH,143.5,139.3699951171875,-2.878052,-10% to 0%
CORE,2026-09-09T13:03:16.719791+00:00,launch_control_full_terminal,PATH,PATH,14.08,13.569999694824219,-3.622161,-10% to 0%
CORE,2026-09-09T13:03:16.719791+00:00,launch_control_full_terminal,SAIL,SAIL,16.9,17.579999923706055,4.023668,0% to <10%
CORE,2026-09-09T13:03:16.719791+00:00,launch_control_full_terminal,FCEL,FCEL,17.53,16.56999969482422,-5.476328,-10% to 0%
CORE,2026-09-09T13:03:16.719791+00:00,launch_control_full_terminal,RR,RR,1.73,1.6699999570846558,-3.468211,-10% to 0%
CORE,2026-09-09T13:03:16.719791+00:00,launch_control_full_terminal,ASAN,ASAN,8.8,8.25,-6.25,-10% to 0%
CORE,2026-09-09T13:03:16.719791+00:00,launch_control_full_terminal,OXM,OXM,31.39,30.649999618530273,-2.35744,-10% to 0%
CORE,2026-09-09T13:03:16.719791+00:00,launch_control_full_terminal,MMED,MMED,23.32,22.760000228881836,-2.401371,-10% to 0%
CORE,2026-09-09T13:03:16.719791+00:00,launch_control_full_terminal,CPB,CPB,21.66,21.8799991607666,1.015693,0% to <10%
CORE,2026-09-09T13:03:16.719791+00:00,launch_control_full_terminal,AI,AI,10.5,10.380000114440918,-1.142856,-10% to 0%
CORE,2026-09-09T13:03:16.719791+00:00,launch_control_full_terminal,CHPT,CHPT,9.2915,8.949999809265137,-3.675404,-10% to 0%
CORE,2026-09-09T13:03:16.719791+00:00,launch_control_full_terminal,BAH,BAH,71.5743,72.19999694824219,0.874192,0% to <10%
CORE,2026-09-09T13:03:16.719791+00:00,launch_control_full_terminal,FLWS,FLWS,3.76,3.490000009536743,-7.180851,-10% to 0%
CORE,2026-09-09T13:03:16.719791+00:00,launch_control_full_terminal,UPXI,UPXI,1.0499,1.034999966621399,-1.419186,-10% to 0%
CORE,2026-09-09T13:03:16.719791+00:00,launch_control_full_terminal,ODD,ODD,17.2484,16.479999542236328,-4.454909,-10% to 0%
STRATEGY,2026-09-09T13:03:16.719791+00:00,launch_control_full_terminal,AAGQ,AGQ,82.89,84.22000122070312,1.604538,0% to <10%
STRATEGY,2026-09-09T13:03:16.719791+00:00,launch_control_full_terminal,AAPLX,APLX,9.5,8.84000015258789,-6.947367,-10% to 0%
STRATEGY,2026-09-09T13:03:16.719791+00:00,launch_control_full_terminal,AASO,ASO,48.7,51.150001525878906,5.030804,0% to <10%
STRATEGY,2026-09-09T13:03:16.719791+00:00,launch_control_full_terminal,ADBE,ADBE,257.26,254.86000061035156,-0.932908,-10% to 0%
STRATEGY,2026-09-09T13:03:16.719791+00:00,launch_control_full_terminal,AI,AI,10.5,10.380000114440918,-1.142856,-10% to 0%
STRATEGY,2026-09-09T13:03:16.719791+00:00,launch_control_full_terminal,ALMU,ALMU,13.17,13.300000190734863,0.987093,0% to <10%
STRATEGY,2026-09-09T13:03:16.719791+00:00,launch_control_full_terminal,ASAN,ASAN,8.8,8.25,-6.25,-10% to 0%
STRATEGY,2026-09-09T13:03:16.719791+00:00,launch_control_full_terminal,ASO,ASO,48.7,51.150001525878906,5.030804,0% to <10%
STRATEGY,2026-09-09T13:03:16.719791+00:00,launch_control_full_terminal,BBITU,BITU,13.99,13.550000190734863,-3.145102,-10% to 0%
STRATEGY,2026-09-09T13:03:16.719791+00:00,launch_control_full_terminal,BBITX,BITX,18.08,17.479999542236328,-3.318587,-10% to 0%
STRATEGY,2026-09-09T13:03:16.719791+00:00,launch_control_full_terminal,BBNC,BNC,5.19,4.429999828338623,-14.643549,-20% to -10%
STRATEGY,2026-09-09T13:03:16.719791+00:00,launch_control_full_terminal,BBNO,BNO,58.77,59.31999969482422,0.935851,0% to <10%
STRATEGY,2026-09-09T13:03:16.719791+00:00,launch_control_full_terminal,BITU,BITU,14.0,13.550000190734863,-3.214284,-10% to 0%
STRATEGY,2026-09-09T13:03:16.719791+00:00,launch_control_full_terminal,BITX,BITX,18.07,17.479999542236328,-3.265083,-10% to 0%
STRATEGY,2026-09-09T13:03:16.719791+00:00,launch_control_full_terminal,BNC,BNC,5.16,4.429999828338623,-14.14729,-20% to -10%
STRATEGY,2026-09-09T13:03:16.719791+00:00,launch_control_full_terminal,BRZE,BRZE,30.31,23.725000381469727,-21.725502,Below -20%
STRATEGY,2026-09-09T13:03:16.719791+00:00,launch_control_full_terminal,CAPR,CAPR,8.93,8.640000343322754,-3.247477,-10% to 0%
STRATEGY,2026-09-09T13:03:16.719791+00:00,launch_control_full_terminal,CASY,CASY,733.49,629.030029296875,-14.241499,-20% to -10%
STRATEGY,2026-09-09T13:03:16.719791+00:00,launch_control_full_terminal,CCIFG,CIFG,5.17,4.320000171661377,-16.441002,-20% to -10%
STRATEGY,2026-09-09T13:03:16.719791+00:00,launch_control_full_terminal,CCOHH,COHH,6.33,6.489999771118164,2.527643,0% to <10%
STRATEGY,2026-09-09T13:03:16.719791+00:00,launch_control_full_terminal,CCOHX,COHX,25.57,26.1200008392334,2.150961,0% to <10%
STRATEGY,2026-09-09T13:03:16.719791+00:00,launch_control_full_terminal,CCONL,CONL,5.77,5.300000190734863,-8.145577,-10% to 0%
STRATEGY,2026-09-09T13:03:16.719791+00:00,launch_control_full_terminal,CCRCG,CRCG,17.89,16.010000228881836,-10.508663,-20% to -10%
STRATEGY,2026-09-09T13:03:16.719791+00:00,launch_control_full_terminal,CHPT,CHPT,9.2915,8.949999809265137,-3.675404,-10% to 0%
STRATEGY,2026-09-09T13:03:16.719791+00:00,launch_control_full_terminal,CHWY,CHWY,23.27,20.75,-10.829394,-20% to -10%
STRATEGY,2026-09-09T13:03:16.719791+00:00,launch_control_full_terminal,CNM,CNM,44.06,41.599998474121094,-5.583299,-10% to 0%
STRATEGY,2026-09-09T13:03:16.719791+00:00,launch_control_full_terminal,COHH,COHH,6.33,6.489999771118164,2.527643,0% to <10%
STRATEGY,2026-09-09T13:03:16.719791+00:00,launch_control_full_terminal,COHX,COHX,25.5687,26.1200008392334,2.156155,0% to <10%
STRATEGY,2026-09-09T13:03:16.719791+00:00,launch_control_full_terminal,COO,COO,67.69,63.47999954223633,-6.219531,-10% to 0%
STRATEGY,2026-09-09T13:03:16.719791+00:00,launch_control_full_terminal,CPB,CPB,21.66,21.8799991607666,1.015693,0% to <10%
STRATEGY,2026-09-09T13:03:16.719791+00:00,launch_control_full_terminal,CPRT,CPRT,32.6,32.029998779296875,-1.74847,-10% to 0%
STRATEGY,2026-09-09T13:03:16.719791+00:00,launch_control_full_terminal,CRCG,CRCG,17.89,16.010000228881836,-10.508663,-20% to -10%
STRATEGY,2026-09-09T13:03:16.719791+00:00,launch_control_full_terminal,CRML,CRML,7.22,7.070000171661377,-2.07756,-10% to 0%
STRATEGY,2026-09-09T13:03:16.719791+00:00,launch_control_full_terminal,DELL,DELL,534.95,535.25,0.05608,0% to <10%
STRATEGY,2026-09-09T13:03:16.719791+00:00,launch_control_full_terminal,DSGX,DSGX,75.56,73.44000244140625,-2.805714,-10% to 0%
STRATEGY,2026-09-09T13:03:16.719791+00:00,launch_control_full_terminal,EETHU,ETHU,27.11,26.079999923706055,-3.799336,-10% to 0%
STRATEGY,2026-09-09T13:03:16.719791+00:00,launch_control_full_terminal,ETHU,ETHU,27.1103,26.079999923706055,-3.800401,-10% to 0%
STRATEGY,2026-09-09T13:03:16.719791+00:00,launch_control_full_terminal,FBL,FBL,25.78,26.40999984741211,2.443754,0% to <10%
STRATEGY,2026-09-09T13:03:16.719791+00:00,launch_control_full_terminal,FCEL,FCEL,17.53,16.56999969482422,-5.476328,-10% to 0%
STRATEGY,2026-09-09T13:03:16.719791+00:00,launch_control_full_terminal,FFBL,FBL,25.78,26.40999984741211,2.443754,0% to <10%
STRATEGY,2026-09-09T13:03:16.719791+00:00,launch_control_full_terminal,FLWS,FLWS,3.76,3.490000009536743,-7.180851,-10% to 0%
STRATEGY,2026-09-09T13:03:16.719791+00:00,launch_control_full_terminal,GIII,GIII,27.62,27.540000915527344,-0.289642,-10% to 0%
STRATEGY,2026-09-09T13:03:16.719791+00:00,launch_control_full_terminal,GME,GME,18.89,19.889999389648438,5.293803,0% to <10%
STRATEGY,2026-09-09T13:03:16.719791+00:00,launch_control_full_terminal,GPRO,GPRO,1.46,1.4149999618530273,-3.082194,-10% to 0%
STRATEGY,2026-09-09T13:03:16.719791+00:00,launch_control_full_terminal,HOFT,HOFT,12.9,12.760000228881836,-1.08527,-10% to 0%
STRATEGY,2026-09-09T13:03:16.719791+00:00,launch_control_full_terminal,HTLM,HTLM,1.7,1.7000000476837158,3e-06,0% to <10%
STRATEGY,2026-09-09T13:03:16.719791+00:00,launch_control_full_terminal,IINSM,INSM,124.89,128.8000030517578,3.130758,0% to <10%
STRATEGY,2026-09-09T13:03:16.719791+00:00,launch_control_full_terminal,IIONL,IONL,12.66,11.789999961853027,-6.872038,-10% to 0%
STRATEGY,2026-09-09T13:03:16.719791+00:00,launch_control_full_terminal,IIONX,IONX,23.14,21.43000030517578,-7.3898,-10% to 0%
STRATEGY,2026-09-09T13:03:16.719791+00:00,launch_control_full_terminal,IIRD,IRD,5.37,5.730000019073486,6.703911,0% to <10%
STRATEGY,2026-09-09T13:03:16.719791+00:00,launch_control_full_terminal,INSM,INSM,124.89,128.8000030517578,3.130758,0% to <10%
STRATEGY,2026-09-09T13:03:16.719791+00:00,launch_control_full_terminal,IONL,IONL,12.7014,11.789999961853027,-7.175587,-10% to 0%
STRATEGY,2026-09-09T13:03:16.719791+00:00,launch_control_full_terminal,IONX,IONX,23.24,21.43000030517578,-7.788295,-10% to 0%
STRATEGY,2026-09-09T13:03:16.719791+00:00,launch_control_full_terminal,IRD,IRD,5.3999,5.730000019073486,6.113077,0% to <10%
STRATEGY,2026-09-09T13:03:16.719791+00:00,launch_control_full_terminal,KEN,KEN,68.57,69.2300033569336,0.962525,0% to <10%
STRATEGY,2026-09-09T13:03:16.719791+00:00,launch_control_full_terminal,KKORU,KORU,24.03,24.200000762939453,0.707452,0% to <10%
STRATEGY,2026-09-09T13:03:16.719791+00:00,launch_control_full_terminal,KORU,KORU,24.0197,24.200000762939453,0.750637,0% to <10%
STRATEGY,2026-09-09T13:03:16.719791+00:00,launch_control_full_terminal,KR,KR,57.2,56.439998626708984,-1.328674,-10% to 0%
STRATEGY,2026-09-09T13:03:16.719791+00:00,launch_control_full_terminal,KT,KT,19.78,19.739999771118164,-0.202226,-10% to 0%
STRATEGY,2026-09-09T13:03:16.719791+00:00,launch_control_full_terminal,LOVE,LOVE,15.98,16.030000686645508,0.312895,0% to <10%
STRATEGY,2026-09-09T13:03:16.719791+00:00,launch_control_full_terminal,METU,METU,24.85,25.540000915527344,2.776664,0% to <10%
STRATEGY,2026-09-09T13:03:16.719791+00:00,launch_control_full_terminal,MLSS,MLSS,0.4401,0.4180000126361847,-5.021583,-10% to 0%
STRATEGY,2026-09-09T13:03:16.719791+00:00,launch_control_full_terminal,MMED,MMED,23.32,22.760000228881836,-2.401371,-10% to 0%
STRATEGY,2026-09-09T13:03:16.719791+00:00,launch_control_full_terminal,MMETA,META,644.3,653.6900024414062,1.457396,0% to <10%
STRATEGY,2026-09-09T13:03:16.719791+00:00,launch_control_full_terminal,MMETU,METU,24.9,25.540000915527344,2.570285,0% to <10%
STRATEGY,2026-09-09T13:03:16.719791+00:00,launch_control_full_terminal,MMSTX,MMSTX,16.21,8.619999885559082,-46.82295,Below -20%
STRATEGY,2026-09-09T13:03:16.719791+00:00,launch_control_full_terminal,MRK,MRK,148.99,147.52999877929688,-0.979932,-10% to 0%
STRATEGY,2026-09-09T13:03:16.719791+00:00,launch_control_full_terminal,MRNA,MRNA,133.32,135.61000061035156,1.717672,0% to <10%
STRATEGY,2026-09-09T13:03:16.719791+00:00,launch_control_full_terminal,MSTX,MSTX,16.2125,14.460000038146973,-10.80956,-20% to -10%
STRATEGY,2026-09-09T13:03:16.719791+00:00,launch_control_full_terminal,NB,NB,4.12,4.039999961853027,-1.941748,-10% to 0%
STRATEGY,2026-09-09T13:03:16.719791+00:00,launch_control_full_terminal,ODD,ODD,17.2484,16.479999542236328,-4.454909,-10% to 0%
STRATEGY,2026-09-09T13:03:16.719791+00:00,launch_control_full_terminal,ODD,ODD,17.2499,16.479999542236328,-4.463217,-10% to 0%
STRATEGY,2026-09-09T13:03:16.719791+00:00,launch_control_full_terminal,OODD,ODD,17.24,16.479999542236328,-4.408355,-10% to 0%
STRATEGY,2026-09-09T13:03:16.719791+00:00,launch_control_full_terminal,OORCU,ORCU,9.53,9.350000381469727,-1.888768,-10% to 0%
STRATEGY,2026-09-09T13:03:16.719791+00:00,launch_control_full_terminal,ORCL,ORCL,162.52,161.6300048828125,-0.547622,-10% to 0%
STRATEGY,2026-09-09T13:03:16.719791+00:00,launch_control_full_terminal,OXM,OXM,31.39,30.649999618530273,-2.35744,-10% to 0%
STRATEGY,2026-09-09T13:03:16.719791+00:00,launch_control_full_terminal,PATH,PATH,14.08,13.569999694824219,-3.622161,-10% to 0%
STRATEGY,2026-09-09T13:03:16.719791+00:00,launch_control_full_terminal,PLAY,PLAY,8.79,8.1899995803833,-6.825943,-10% to 0%
STRATEGY,2026-09-09T13:03:16.719791+00:00,launch_control_full_terminal,RH,RH,143.5,139.3699951171875,-2.878052,-10% to 0%
STRATEGY,2026-09-09T13:03:16.719791+00:00,launch_control_full_terminal,RKLX,RKLX,16.7499,14.489999771118164,-13.492022,-20% to -10%
STRATEGY,2026-09-09T13:03:16.719791+00:00,launch_control_full_terminal,RR,RR,1.73,1.6699999570846558,-3.468211,-10% to 0%
STRATEGY,2026-09-09T13:03:16.719791+00:00,launch_control_full_terminal,RRAM,RAM,14.23,14.640000343322754,2.881239,0% to <10%
STRATEGY,2026-09-09T13:03:16.719791+00:00,launch_control_full_terminal,RRGTX,RRGTX,9.65,7.820000171661377,-18.963729,-20% to -10%
STRATEGY,2026-09-09T13:03:16.719791+00:00,launch_control_full_terminal,RRKLX,RKLX,16.8,14.489999771118164,-13.750001,-20% to -10%
STRATEGY,2026-09-09T13:03:16.719791+00:00,launch_control_full_terminal,SAIL,SAIL,17.79,17.579999923706055,-1.180439,-10% to 0%
STRATEGY,2026-09-09T13:03:16.719791+00:00,launch_control_full_terminal,SAIL,SAIL,16.9,17.579999923706055,4.023668,0% to <10%
STRATEGY,2026-09-09T13:03:16.719791+00:00,launch_control_full_terminal,SHOE,SHOE,13.4866,12.930000305175781,-4.127057,-10% to 0%
STRATEGY,2026-09-09T13:03:16.719791+00:00,launch_control_full_terminal,SIG,SIG,95.07,102.4800033569336,7.79426,0% to <10%
STRATEGY,2026-09-09T13:03:16.719791+00:00,launch_control_full_terminal,SSIG,SIG,94.8,102.4800033569336,8.101269,0% to <10%
STRATEGY,2026-09-09T13:03:16.719791+00:00,launch_control_full_terminal,SSKHU,SKHU,23.39,26.450000762939453,13.082517,10% to <20%
STRATEGY,2026-09-09T13:03:16.719791+00:00,launch_control_full_terminal,SSNDG,SNDG,10.69,11.074999809265137,3.601495,0% to <10%
STRATEGY,2026-09-09T13:03:16.719791+00:00,launch_control_full_terminal,SSSL,SSL,14.09,14.579999923706055,3.477643,0% to <10%
STRATEGY,2026-09-09T13:03:16.719791+00:00,launch_control_full_terminal,SSUNB,SUNB,72.58,73.41999816894531,1.157341,0% to <10%
STRATEGY,2026-09-09T13:03:16.719791+00:00,launch_control_full_terminal,SUNB,SUNB,69.32,73.41999816894531,5.914596,0% to <10%
STRATEGY,2026-09-09T13:03:16.719791+00:00,launch_control_full_terminal,TH,TH,18.65,19.200000762939453,2.949066,0% to <10%
STRATEGY,2026-09-09T13:03:16.719791+00:00,launch_control_full_terminal,TTAN,TTAN,81.58,57.119998931884766,-29.98284,Below -20%
STRATEGY,2026-09-09T13:03:16.719791+00:00,launch_control_full_terminal,TTH,TH,18.65,19.200000762939453,2.949066,0% to <10%
STRATEGY,2026-09-09T13:03:16.719791+00:00,launch_control_full_terminal,UPXI,UPXI,1.0499,1.034999966621399,-1.419186,-10% to 0%
STRATEGY,2026-09-09T13:03:16.719791+00:00,launch_control_full_terminal,UUGL,UGL,51.53,51.540000915527344,0.019408,0% to <10%
STRATEGY,2026-09-09T13:03:16.719791+00:00,launch_control_full_terminal,UUSO,USO,148.47,149.97000122070312,1.010306,0% to <10%
STRATEGY,2026-09-09T13:03:16.719791+00:00,launch_control_full_terminal,VFS,VFS,3.1,3.059999942779541,-1.290324,-10% to 0%
LOTTERY_RAW,2026-09-09T13:03:16.719791+00:00,launch_control_full_terminal,CAPR,CAPR,8.93,8.640000343322754,-3.247477,-10% to 0%
LOTTERY_RAW,2026-09-09T13:03:16.719791+00:00,launch_control_full_terminal,AAGRZ,AGRZ,0.41,0.2506999969482422,-38.853659,Below -20%
LOTTERY_RAW,2026-09-09T13:03:16.719791+00:00,launch_control_full_terminal,OOLB,OLB,0.38,0.33500000834465027,-11.842103,-20% to -10%
LOTTERY_RAW,2026-09-09T13:03:16.719791+00:00,launch_control_full_terminal,YYMAT,YMAT,1.84,2.2699999809265137,23.369564,20% to <30%
LOTTERY_RAW,2026-09-09T13:03:16.719791+00:00,launch_control_full_terminal,SSUNE,SUNE,3.02,4.510000228881836,49.337756,30% and higher
LOTTERY_RAW,2026-09-09T13:03:16.719791+00:00,launch_control_full_terminal,RRML,RML,14.17,11.600000381469727,-18.136906,-20% to -10%
LOTTERY_RAW,2026-09-09T13:03:16.719791+00:00,launch_control_full_terminal,MMIMI,MIMI,1.06,0.9401999711990356,-11.30189,-20% to -10%
LOTTERY_RAW,2026-09-09T13:03:16.719791+00:00,launch_control_full_terminal,BBIAF,BIAF,10.52,10.5,-0.190114,-10% to 0%
LOTTERY_RAW,2026-09-09T13:03:16.719791+00:00,launch_control_full_terminal,IIRD,IRD,5.38,5.730000019073486,6.505577,0% to <10%
LOTTERY_RAW,2026-09-09T13:03:16.719791+00:00,launch_control_full_terminal,OODD,ODD,17.21,16.479999542236328,-4.241723,-10% to 0%
LOTTERY_RAW,2026-09-09T13:03:16.719791+00:00,launch_control_full_terminal,FRGT,FRGT,1.08,0.9700000286102295,-10.185183,-20% to -10%
LOTTERY_RAW,2026-09-09T13:03:16.719791+00:00,launch_control_full_terminal,TTNON,TNON,3.79,2.440000057220459,-35.620051,Below -20%
LOTTERY_RAW,2026-09-09T13:03:16.719791+00:00,launch_control_full_terminal,FFGL,FGL,8.52,6.789999961853027,-20.305165,Below -20%
LOTTERY_RAW,2026-09-09T13:03:16.719791+00:00,launch_control_full_terminal,UUFG,UFG,0.7,0.7196000218391418,2.800003,0% to <10%
LOTTERY_RAW,2026-09-09T13:03:16.719791+00:00,launch_control_full_terminal,BAOS,BAOS,0.31,0.33559998869895935,8.258061,0% to <10%
LOTTERY_RAW,2026-09-09T13:03:16.719791+00:00,launch_control_full_terminal,ZCMD,ZCMD,0.85,0.8809000253677368,3.635297,0% to <10%
LOTTERY_RAW,2026-09-09T13:03:16.719791+00:00,launch_control_full_terminal,MRLN,MRLN,3.31,3.140000104904175,-5.135948,-10% to 0%
LOTTERY_RAW,2026-09-09T13:03:16.719791+00:00,launch_control_full_terminal,FGI,FGI,7.18,7.730000019073486,7.660167,0% to <10%
LOTTERY_RAW,2026-09-09T13:03:16.719791+00:00,launch_control_full_terminal,BXBL,BXBL,4.25,4.360000133514404,2.588238,0% to <10%
LOTTERY_RAW,2026-09-09T13:03:16.719791+00:00,launch_control_full_terminal,KPTI,KPTI,1.72,1.690000057220459,-1.744183,-10% to 0%
LOTTERY_RAW,2026-09-09T13:03:16.719791+00:00,launch_control_full_terminal,FRMM,FRMM,4.9,4.619999885559082,-5.714288,-10% to 0%
LOTTERY_RAW,2026-09-09T13:03:16.719791+00:00,launch_control_full_terminal,AKAN,AKAN,3.23,3.25,0.619195,0% to <10%
LOTTERY_RAW,2026-09-09T13:03:16.719791+00:00,launch_control_full_terminal,PLCE,PLCE,2.8,2.5399999618530273,-9.285716,-10% to 0%
LOTTERY_RAW,2026-09-09T13:03:16.719791+00:00,launch_control_full_terminal,HQ,HQ,16.18,16.06999969482422,-0.679854,-10% to 0%
LOTTERY_RAW,2026-09-09T13:03:16.719791+00:00,launch_control_full_terminal,HWH,HWH,1.8,1.8600000143051147,3.333334,0% to <10%
LOTTERY_RAW,2026-09-09T13:03:16.719791+00:00,launch_control_full_terminal,DFSC,DFSC,1.57,1.5099999904632568,-3.821657,-10% to 0%
LOTTERY_RAW,2026-09-09T13:03:16.719791+00:00,launch_control_full_terminal,ONDS,ONDS,7.54,7.289999961853027,-3.31565,-10% to 0%
LOTTERY_RAW,2026-09-09T13:03:16.719791+00:00,launch_control_full_terminal,HPK,HPK,8.31,8.210000038146973,-1.203369,-10% to 0%
LOTTERY_RAW,2026-09-09T13:03:16.719791+00:00,launch_control_full_terminal,LENZ,LENZ,5.47,4.909999847412109,-10.237663,-20% to -10%
LOTTERY_RAW,2026-09-09T13:03:16.719791+00:00,launch_control_full_terminal,BETR,BETR,13.74,13.460000038146973,-2.037845,-10% to 0%
LOTTERY_RAW,2026-09-09T13:03:16.719791+00:00,launch_control_full_terminal,SOUN,SOUN,6.54,6.480000019073486,-0.917431,-10% to 0%
LOTTERY_RAW,2026-09-09T13:03:16.719791+00:00,launch_control_full_terminal,BTDR,BTDR,12.7,12.329999923706055,-2.913386,-10% to 0%
LOTTERY_RAW,2026-09-09T13:03:16.719791+00:00,launch_control_full_terminal,GRPN,GRPN,18.93,18.299999237060547,-3.328055,-10% to 0%
LOTTERY_RAW,2026-09-09T13:03:16.719791+00:00,launch_control_full_terminal,PROK,PROK,1.98,1.850000023841858,-6.565655,-10% to 0%
LOTTERY_RAW,2026-09-09T13:03:16.719791+00:00,launch_control_full_terminal,SVRA,SVRA,5.53,5.414999961853027,-2.079567,-10% to 0%
LOTTERY_RAW,2026-09-09T13:03:16.719791+00:00,launch_control_full_terminal,VELO,VELO,12.02,10.90999984741211,-9.23461,-10% to 0%
LOTTERY_RAW,2026-09-09T13:03:16.719791+00:00,launch_control_full_terminal,RXRX,RXRX,3.42,3.2149999141693115,-5.994155,-10% to 0%
LOTTERY_RAW,2026-09-09T13:03:16.719791+00:00,launch_control_full_terminal,SHOE,SHOE,13.39,12.930000305175781,-3.435397,-10% to 0%
LOTTERY_RAW,2026-09-09T13:03:16.719791+00:00,launch_control_full_terminal,PRME,PRME,3.45,3.4700000286102295,0.579711,0% to <10%
LOTTERY_RAW,2026-09-09T13:03:16.719791+00:00,launch_control_full_terminal,LCID,LCID,4.65,4.269999980926514,-8.172043,-10% to 0%
LOTTERY_RAW,2026-09-09T13:03:16.719791+00:00,launch_control_full_terminal,BRNX,BRNX,2.34,2.630000114440918,12.393167,10% to <20%
LOTTERY_RAW,2026-09-09T13:03:16.719791+00:00,launch_control_full_terminal,JACK,JACK,15.45,14.779999732971191,-4.336571,-10% to 0%
LOTTERY_RAW,2026-09-09T13:03:16.719791+00:00,launch_control_full_terminal,VIVO,VIVO,4.19,4.150000095367432,-0.954652,-10% to 0%
LOTTERY_RAW,2026-09-09T13:03:16.719791+00:00,launch_control_full_terminal,OFAL,OFAL,0.71,0.6873999834060669,-3.183101,-10% to 0%
LOTTERY_RAW,2026-09-09T13:03:16.719791+00:00,launch_control_full_terminal,XRX,XRX,3.17,3.140000104904175,-0.946369,-10% to 0%
LOTTERY_RAW,2026-09-09T13:03:16.719791+00:00,launch_control_full_terminal,SPRY,SPRY,5.33,5.230000019073486,-1.876172,-10% to 0%
LOTTERY_RAW,2026-09-09T13:03:16.719791+00:00,launch_control_full_terminal,IEP,IEP,6.9,6.829999923706055,-1.014494,-10% to 0%
LOTTERY_RAW,2026-09-09T13:03:16.719791+00:00,launch_control_full_terminal,SERV,SERV,4.88,4.65500020980835,-4.610651,-10% to 0%
LOTTERY_RAW,2026-09-09T13:03:16.719791+00:00,launch_control_full_terminal,BOXL,BOXL,5.87,5.769999980926514,-1.703578,-10% to 0%
LOTTERY_RAW,2026-09-09T13:03:16.719791+00:00,launch_control_full_terminal,WKHS,WKHS,3.06,3.0799999237060547,0.653592,0% to <10%
LOTTERY_RAW,2026-09-09T13:03:16.719791+00:00,launch_control_full_terminal,AI,AI,10.46,10.380000114440918,-0.764817,-10% to 0%
LOTTERY_RAW,2026-09-09T13:03:16.719791+00:00,launch_control_full_terminal,NTLA,NTLA,12.7,12.210000038146973,-3.858267,-10% to 0%
LOTTERY_RAW,2026-09-09T13:03:16.719791+00:00,launch_control_full_terminal,SSER,SER,2.75,2.569999933242798,-6.545457,-10% to 0%
LOTTERY_RAW,2026-09-09T13:03:16.719791+00:00,launch_control_full_terminal,MMODD,MODD,3.13,2.809999942779541,-10.223644,-20% to -10%
LOTTERY_RAW,2026-09-09T13:03:16.719791+00:00,launch_control_full_terminal,CCRGO,CRGO,1.43,1.190000057220459,-16.783213,-20% to -10%
LOTTERY_RAW,2026-09-09T13:03:16.719791+00:00,launch_control_full_terminal,CCIIT,CIIT,3.08,2.809999942779541,-8.766236,-10% to 0%
LOTTERY_RAW,2026-09-09T13:03:16.719791+00:00,launch_control_full_terminal,SSHEN,SHEN,13.5,11.920000076293945,-11.703703,-20% to -10%
LOTTERY_RAW,2026-09-09T13:03:16.719791+00:00,launch_control_full_terminal,MMLSS,MLSS,0.49,0.4180000126361847,-14.693875,-20% to -10%
LOTTERY_RAW,2026-09-09T13:03:16.719791+00:00,launch_control_full_terminal,CCAN,CAN,0.34,0.31619998812675476,-7.000003,-10% to 0%
LOTTERY_RAW,2026-09-09T13:03:16.719791+00:00,launch_control_full_terminal,FFAMI,FAMI,0.12,0.12999999523162842,8.333329,0% to <10%
LOTTERY_RAW,2026-09-09T13:03:16.719791+00:00,launch_control_full_terminal,VVVOS,VVOS,0.16,0.17020000517368317,6.375003,0% to <10%
LOTTERY_RAW,2026-09-09T13:03:16.719791+00:00,launch_control_full_terminal,SSDA,SDA,0.43,0.6000000238418579,39.534889,30% and higher
LOTTERY_RAW,2026-09-09T13:03:16.719791+00:00,launch_control_full_terminal,SSCNX,SSCNX,0.32,17.40999984741211,5340.624952,30% and higher
LOTTERY_RAW,2026-09-09T13:03:16.719791+00:00,launch_control_full_terminal,GGCDT,GCDT,0.61,0.6383000016212463,4.639345,0% to <10%
LOTTERY_RAW,2026-09-09T13:03:16.719791+00:00,launch_control_full_terminal,AAIM,AIM,0.23,0.23319999873638153,1.391304,0% to <10%
LOTTERY_RAW,2026-09-09T13:03:16.719791+00:00,launch_control_full_terminal,LLABT,LABT,2.05,2.319999933242798,13.170728,10% to <20%
LOTTERY_RAW,2026-09-09T13:03:16.719791+00:00,launch_control_full_terminal,PPRZO,PRZO,0.84,0.847599983215332,0.90476,0% to <10%
LOTTERY_RAW,2026-09-09T13:03:16.719791+00:00,launch_control_full_terminal,DDPU,DPU,2.07,2.049999952316284,-0.966186,-10% to 0%
LOTTERY_RAW,2026-09-09T13:03:16.719791+00:00,launch_control_full_terminal,AACCL,ACCL,2.79,3.0999999046325684,11.111108,10% to <20%
LOTTERY_RAW,2026-09-09T13:03:16.719791+00:00,launch_control_full_terminal,MMETG,METG,16.26,16.84000015258789,3.567037,0% to <10%
LOTTERY_RAW,2026-09-09T13:03:16.719791+00:00,launch_control_full_terminal,FFRGT,FRGT,1.08,0.9700000286102295,-10.185183,-20% to -10%
LOTTERY_RAW,2026-09-09T13:03:16.719791+00:00,launch_control_full_terminal,IINNV,INNV,11.53,11.029999732971191,-4.336516,-10% to 0%
LOTTERY_RAW,2026-09-09T13:03:16.719791+00:00,launch_control_full_terminal,XXPL,XPL,0.7,0.6129999756813049,-12.428575,-20% to -10%
LOTTERY_RAW,2026-09-09T13:03:16.719791+00:00,launch_control_full_terminal,FFBYD,FBYD,8.83,7.360000133514404,-16.64779,-20% to -10%
LOTTERY_RAW,2026-09-09T13:03:16.719791+00:00,launch_control_full_terminal,IIMMX,IMMX,14.5,12.3100004196167,-15.103445,-20% to -10%
LOTTERY_RAW,2026-09-09T13:03:16.719791+00:00,launch_control_full_terminal,OOKUR,OKUR,3.7,3.380000114440918,-8.648646,-10% to 0%
LOTTERY_RAW,2026-09-09T13:03:16.719791+00:00,launch_control_full_terminal,NNOK,NOK,10.94,10.760000228881836,-1.645336,-10% to 0%
LOTTERY_RAW,2026-09-09T13:03:16.719791+00:00,launch_control_full_terminal,SSNXX,SSNXX,17.22,1.0,-94.192799,Below -20%
LOTTERY_RAW,2026-09-09T13:03:16.719791+00:00,launch_control_full_terminal,GGPRO,GPRO,1.46,1.4149999618530273,-3.082194,-10% to 0%
LOTTERY_RAW,2026-09-09T13:03:16.719791+00:00,launch_control_full_terminal,PPDSB,PDSB,0.29,0.2930000126361847,1.034487,0% to <10%
LOTTERY_RAW,2026-09-09T13:03:16.719791+00:00,launch_control_full_terminal,DDVLT,DVLT,0.22,0.20600000023841858,-6.363636,-10% to 0%
LOTTERY_RAW,2026-09-09T13:03:16.719791+00:00,launch_control_full_terminal,SSNDQ,SNDQ,11.81,11.399999618530273,-3.471637,-10% to 0%
LOTTERY_RAW,2026-09-09T13:03:16.719791+00:00,launch_control_full_terminal,TTSLL,TSLL,9.68,9.850000381469727,1.756202,0% to <10%
LOTTERY_RAW,2026-09-09T13:03:16.719791+00:00,launch_control_full_terminal,GGPUS,GPUS,0.19,0.2013999968767166,5.999998,0% to <10%
LOTTERY_RAW,2026-09-09T13:03:16.719791+00:00,launch_control_full_terminal,MMSTZ,MSTZ,3.82,4.25,11.256545,10% to <20%
LOTTERY_RAW,2026-09-09T13:03:16.719791+00:00,launch_control_full_terminal,SSNAP,SNAP,5.43,5.309999942779541,-2.209946,-10% to 0%
LOTTERY_RAW,2026-09-09T13:03:16.719791+00:00,launch_control_full_terminal,EETHA,ETHA,18.92,18.579999923706055,-1.797041,-10% to 0%
LOTTERY_RAW,2026-09-09T13:03:16.719791+00:00,launch_control_full_terminal,SSOAR,SOAR,0.21,0.210099995136261,0.047617,0% to <10%
LOTTERY_RAW,2026-09-09T13:03:16.719791+00:00,launch_control_full_terminal,CCONL,CONL,5.77,5.300000190734863,-8.145577,-10% to 0%
LOTTERY_RAW,2026-09-09T13:03:16.719791+00:00,launch_control_full_terminal,OLB,OLB,0.3756,0.33500000834465027,-10.809369,-20% to -10%
LOTTERY_RAW,2026-09-09T13:03:16.719791+00:00,launch_control_full_terminal,FAMI,FAMI,0.1156,0.12999999523162842,12.456743,10% to <20%
LOTTERY_RAW,2026-09-09T13:03:16.719791+00:00,launch_control_full_terminal,VVOS,VVOS,0.1646,0.17020000517368317,3.40219,0% to <10%
LOTTERY_RAW,2026-09-09T13:03:16.719791+00:00,launch_control_full_terminal,AGRZ,AGRZ,0.4011,0.2506999969482422,-37.496884,Below -20%
LOTTERY_RAW,2026-09-09T13:03:16.719791+00:00,launch_control_full_terminal,YMAT,YMAT,1.8393,2.2699999809265137,23.416516,20% to <30%
LOTTERY_RAW,2026-09-09T13:03:16.719791+00:00,launch_control_full_terminal,MIMI,MIMI,1.05,0.9401999711990356,-10.457146,-20% to -10%
LOTTERY_RAW,2026-09-09T13:03:16.719791+00:00,launch_control_full_terminal,SUNE,SUNE,3.0299,4.510000228881836,48.849805,30% and higher
LOTTERY_RAW,2026-09-09T13:03:16.719791+00:00,launch_control_full_terminal,TNON,TNON,3.7499,2.440000057220459,-34.931597,Below -20%
LOTTERY_RAW,2026-09-09T13:03:16.719791+00:00,launch_control_full_terminal,SDA,SDA,0.4288,0.6000000238418579,39.925379,30% and higher
LOTTERY_RAW,2026-09-09T13:03:16.719791+00:00,launch_control_full_terminal,SCNX,SCNX,0.3238,0.3671000003814697,13.372452,10% to <20%
LOTTERY_RAW,2026-09-09T13:03:16.719791+00:00,launch_control_full_terminal,GCDT,GCDT,0.62,0.6383000016212463,2.951613,0% to <10%
LOTTERY_RAW,2026-09-09T13:03:16.719791+00:00,launch_control_full_terminal,AIM,AIM,0.2285,0.23319999873638153,2.056892,0% to <10%
LOTTERY_RAW,2026-09-09T13:03:16.719791+00:00,launch_control_full_terminal,LABT,LABT,2.0401,2.319999933242798,13.719912,10% to <20%
LOTTERY_RAW,2026-09-09T13:03:16.719791+00:00,launch_control_full_terminal,BIAF,BIAF,10.52,10.5,-0.190114,-10% to 0%
LOTTERY_RAW,2026-09-09T13:03:16.719791+00:00,launch_control_full_terminal,PRZO,PRZO,0.8499,0.847599983215332,-0.270622,-10% to 0%
LOTTERY_RAW,2026-09-09T13:03:16.719791+00:00,launch_control_full_terminal,IRD,IRD,5.381,5.730000019073486,6.485784,0% to <10%
LOTTERY_RAW,2026-09-09T13:03:16.719791+00:00,launch_control_full_terminal,UFG,UFG,0.7056,0.7196000218391418,1.98413,0% to <10%
LOTTERY_RAW,2026-09-09T13:03:16.719791+00:00,launch_control_full_terminal,ODD,ODD,17.2484,16.479999542236328,-4.454909,-10% to 0%
LOTTERY_RAW,2026-09-09T13:03:16.719791+00:00,launch_control_full_terminal,YYQ,YQ,3.6,4.570000171661377,26.944449,20% to <30%
LOTTERY_RAW,2026-09-09T13:03:16.719791+00:00,launch_control_full_terminal,TTVA,TVA,10.56,10.550000190734863,-0.094695,-10% to 0%
LOTTERY_RAW,2026-09-09T13:03:16.719791+00:00,launch_control_full_terminal,GGLMD,GLMD,3.8,4.630000114440918,21.842108,20% to <30%
LOTTERY_RAW,2026-09-09T13:03:16.719791+00:00,launch_control_full_terminal,AASMH,ASMH,11.8,11.649999618530273,-1.27119,-10% to 0%
LOTTERY_RAW,2026-09-09T13:03:16.719791+00:00,launch_control_full_terminal,RML,RML,16.92,11.600000381469727,-31.442078,Below -20%
LOTTERY_RAW,2026-09-09T13:03:16.719791+00:00,launch_control_full_terminal,DPU,DPU,2.1,2.049999952316284,-2.380955,-10% to 0%
LOTTERY_RAW,2026-09-09T13:03:16.719791+00:00,launch_control_full_terminal,FGL,FGL,8.52,6.789999961853027,-20.305165,Below -20%
LOTTERY_RAW,2026-09-09T13:03:16.719791+00:00,launch_control_full_terminal,ACCL,ACCL,2.8,3.0999999046325684,10.714282,10% to <20%
LOTTERY_RAW,2026-09-09T13:03:16.719791+00:00,launch_control_full_terminal,YQ,YQ,3.6004,4.570000171661377,26.930346,20% to <30%
LOTTERY_RAW,2026-09-09T13:03:16.719791+00:00,launch_control_full_terminal,TVA,TVA,10.55,10.550000190734863,2e-06,0% to <10%
LOTTERY_RAW,2026-09-09T13:03:16.719791+00:00,launch_control_full_terminal,GLMD,GLMD,3.8,4.630000114440918,21.842108,20% to <30%
LOTTERY_RAW,2026-09-09T13:03:16.719791+00:00,launch_control_full_terminal,ASMH,ASMH,11.8,11.649999618530273,-1.27119,-10% to 0%
LOTTERY_RAW,2026-09-09T13:03:16.719791+00:00,launch_control_full_terminal,MMETD,METD,14.82,14.579999923706055,-1.619434,-10% to 0%
LOTTERY_RAW,2026-09-09T13:03:16.719791+00:00,launch_control_full_terminal,TTYRA,TYRA,18.76,22.010000228881836,17.324095,10% to <20%
LOTTERY_RAW,2026-09-09T13:03:16.719791+00:00,launch_control_full_terminal,BBNC,BNC,5.16,4.429999828338623,-14.14729,-20% to -10%
LOTTERY_RAW,2026-09-09T13:03:16.719791+00:00,launch_control_full_terminal,OOCC,OCC,12.2,13.699999809265137,12.29508,10% to <20%
LOTTERY_RAW,2026-09-09T13:03:16.719791+00:00,launch_control_full_terminal,AAUXX,AAUXX,7.21,1.0,-86.130374,Below -20%
LOTTERY_RAW,2026-09-09T13:03:16.719791+00:00,launch_control_full_terminal,MMETQ,METQ,19.07,18.520099639892578,-2.883589,-10% to 0%
LOTTERY_RAW,2026-09-09T13:03:16.719791+00:00,launch_control_full_terminal,SSTLU,STLU,17.75,17.0,-4.225352,-10% to 0%
LOTTERY_RAW,2026-09-09T13:03:16.719791+00:00,launch_control_full_terminal,ZZJYL,ZJYL,1.84,2.25,22.282609,20% to <30%
LOTTERY_RAW,2026-09-09T13:03:16.719791+00:00,launch_control_full_terminal,KKITT,KITT,0.71,0.6990000009536743,-1.549296,-10% to 0%
LOTTERY_RAW,2026-09-09T13:03:16.719791+00:00,launch_control_full_terminal,HHDL,HDL,12.49,12.0,-3.923139,-10% to 0%
LOTTERY_RAW,2026-09-09T13:03:16.719791+00:00,launch_control_full_terminal,GGMEX,GMEX,0.57,0.5710999965667725,0.192982,0% to <10%
LOTTERY_RAW,2026-09-09T13:03:16.719791+00:00,launch_control_full_terminal,METD,METD,14.82,14.579999923706055,-1.619434,-10% to 0%
LOTTERY_RAW,2026-09-09T13:03:16.719791+00:00,launch_control_full_terminal,TYRA,TYRA,18.7563,22.010000228881836,17.347239,10% to <20%
LOTTERY_RAW,2026-09-09T13:03:16.719791+00:00,launch_control_full_terminal,BNC,BNC,5.19,4.429999828338623,-14.643549,-20% to -10%
LOTTERY_RAW,2026-09-09T13:03:16.719791+00:00,launch_control_full_terminal,METG,METG,16.2623,16.84000015258789,3.552389,0% to <10%
LOTTERY_RAW,2026-09-09T13:03:16.719791+00:00,launch_control_full_terminal,OCC,OCC,12.2,13.699999809265137,12.29508,10% to <20%
LOTTERY_RAW,2026-09-09T13:03:16.719791+00:00,launch_control_full_terminal,AUXX,AUXX,7.21,7.039999961853027,-2.357837,-10% to 0%
LOTTERY_RAW,2026-09-09T13:03:16.719791+00:00,launch_control_full_terminal,SER,SER,2.69,2.569999933242798,-4.460969,-10% to 0%
LOTTERY_RAW,2026-09-09T13:03:16.719791+00:00,launch_control_full_terminal,METQ,METQ,19.0672,18.520099639892578,-2.869327,-10% to 0%
LOTTERY_RAW,2026-09-09T13:03:16.719791+00:00,launch_control_full_terminal,STLU,STLU,17.9,17.0,-5.027933,-10% to 0%
LOTTERY_RAW,2026-09-09T13:03:16.719791+00:00,launch_control_full_terminal,ZJYL,ZJYL,1.8496,2.25,21.647924,20% to <30%
LOTTERY_RAW,2026-09-09T13:03:16.719791+00:00,launch_control_full_terminal,KITT,KITT,0.7002,0.6990000009536743,-0.171379,-10% to 0%
LOTTERY_RAW,2026-09-09T13:03:16.719791+00:00,launch_control_full_terminal,HDL,HDL,12.49,12.0,-3.923139,-10% to 0%
LOTTERY_RAW,2026-09-09T13:03:16.719791+00:00,launch_control_full_terminal,MODD,MODD,3.13,2.809999942779541,-10.223644,-20% to -10%
LOTTERY_RAW,2026-09-09T13:03:16.719791+00:00,launch_control_full_terminal,GMEX,GMEX,0.5645,0.5710999965667725,1.169176,0% to <10%
LOTTERY_RAW,2026-09-09T13:03:16.719791+00:00,launch_control_full_terminal,BBAOS,BAOS,0.31,0.33559998869895935,8.258061,0% to <10%
LOTTERY_RAW,2026-09-09T13:03:16.719791+00:00,launch_control_full_terminal,ZZCMD,ZCMD,0.85,0.8809000253677368,3.635297,0% to <10%
LOTTERY_RAW,2026-09-09T13:03:16.719791+00:00,launch_control_full_terminal,MMRLN,MRLN,3.31,3.140000104904175,-5.135948,-10% to 0%
LOTTERY_RAW,2026-09-09T13:03:16.719791+00:00,launch_control_full_terminal,FFGI,FGI,7.18,7.730000019073486,7.660167,0% to <10%
LOTTERY_RAW,2026-09-09T13:03:16.719791+00:00,launch_control_full_terminal,BBXBL,BXBL,4.25,4.360000133514404,2.588238,0% to <10%
LOTTERY_RAW,2026-09-09T13:03:16.719791+00:00,launch_control_full_terminal,KKPTI,KPTI,1.72,1.690000057220459,-1.744183,-10% to 0%
LOTTERY_RAW,2026-09-09T13:03:16.719791+00:00,launch_control_full_terminal,FFRMM,FRMM,4.9,4.619999885559082,-5.714288,-10% to 0%
LOTTERY_RAW,2026-09-09T13:03:16.719791+00:00,launch_control_full_terminal,AAKAN,AKAN,3.23,3.25,0.619195,0% to <10%
LOTTERY_RAW,2026-09-09T13:03:16.719791+00:00,launch_control_full_terminal,PPLCE,PLCE,2.8,2.5399999618530273,-9.285716,-10% to 0%
LOTTERY_RAW,2026-09-09T13:03:16.719791+00:00,launch_control_full_terminal,HHQ,HQ,16.18,16.06999969482422,-0.679854,-10% to 0%
LOTTERY_RAW,2026-09-09T13:03:16.719791+00:00,launch_control_full_terminal,HHWH,HWH,1.8,1.8600000143051147,3.333334,0% to <10%
LOTTERY_RAW,2026-09-09T13:03:16.719791+00:00,launch_control_full_terminal,DDFSC,DFSC,1.57,1.5099999904632568,-3.821657,-10% to 0%
LOTTERY_RAW,2026-09-09T13:03:16.719791+00:00,launch_control_full_terminal,OONDS,ONDS,7.54,7.289999961853027,-3.31565,-10% to 0%
LOTTERY_RAW,2026-09-09T13:03:16.719791+00:00,launch_control_full_terminal,HHPK,HPK,8.31,8.210000038146973,-1.203369,-10% to 0%
LOTTERY_RAW,2026-09-09T13:03:16.719791+00:00,launch_control_full_terminal,LLENZ,LENZ,5.47,4.909999847412109,-10.237663,-20% to -10%
LOTTERY_RAW,2026-09-09T13:03:16.719791+00:00,launch_control_full_terminal,BBETR,BETR,13.74,13.460000038146973,-2.037845,-10% to 0%
LOTTERY_RAW,2026-09-09T13:03:16.719791+00:00,launch_control_full_terminal,SSOUN,SOUN,6.54,6.480000019073486,-0.917431,-10% to 0%
LOTTERY_RAW,2026-09-09T13:03:16.719791+00:00,launch_control_full_terminal,BBTDR,BTDR,12.7,12.329999923706055,-2.913386,-10% to 0%
LOTTERY_RAW,2026-09-09T13:03:16.719791+00:00,launch_control_full_terminal,GGRPN,GRPN,18.93,18.299999237060547,-3.328055,-10% to 0%
LOTTERY_RAW,2026-09-09T13:03:16.719791+00:00,launch_control_full_terminal,PPROK,PROK,1.98,1.850000023841858,-6.565655,-10% to 0%
LOTTERY_RAW,2026-09-09T13:03:16.719791+00:00,launch_control_full_terminal,SSVRA,SVRA,5.53,5.414999961853027,-2.079567,-10% to 0%
LOTTERY_RAW,2026-09-09T13:03:16.719791+00:00,launch_control_full_terminal,VVELO,VELO,12.02,10.90999984741211,-9.23461,-10% to 0%
LOTTERY_RAW,2026-09-09T13:03:16.719791+00:00,launch_control_full_terminal,RRXRX,RXRX,3.42,3.2149999141693115,-5.994155,-10% to 0%
LOTTERY_RAW,2026-09-09T13:03:16.719791+00:00,launch_control_full_terminal,SSHOE,SHOE,13.39,12.930000305175781,-3.435397,-10% to 0%
LOTTERY_RAW,2026-09-09T13:03:16.719791+00:00,launch_control_full_terminal,PPRME,PRME,3.45,3.4700000286102295,0.579711,0% to <10%
LOTTERY_RAW,2026-09-09T13:03:16.719791+00:00,launch_control_full_terminal,LLCID,LCID,4.65,4.269999980926514,-8.172043,-10% to 0%
LOTTERY_RAW,2026-09-09T13:03:16.719791+00:00,launch_control_full_terminal,BBRNX,BRNX,2.34,2.630000114440918,12.393167,10% to <20%
LOTTERY_RAW,2026-09-09T13:03:16.719791+00:00,launch_control_full_terminal,JJACK,JACK,15.45,14.779999732971191,-4.336571,-10% to 0%
LOTTERY_RAW,2026-09-09T13:03:16.719791+00:00,launch_control_full_terminal,VVIVO,VIVO,4.19,4.150000095367432,-0.954652,-10% to 0%
LOTTERY_RAW,2026-09-09T13:03:16.719791+00:00,launch_control_full_terminal,OOFAL,OFAL,0.71,0.6873999834060669,-3.183101,-10% to 0%
LOTTERY_RAW,2026-09-09T13:03:16.719791+00:00,launch_control_full_terminal,XXRX,XRX,3.17,3.140000104904175,-0.946369,-10% to 0%
LOTTERY_RAW,2026-09-09T13:03:16.719791+00:00,launch_control_full_terminal,SSPRY,SPRY,5.33,5.230000019073486,-1.876172,-10% to 0%
LOTTERY_RAW,2026-09-09T13:03:16.719791+00:00,launch_control_full_terminal,IIEP,IEP,6.9,6.829999923706055,-1.014494,-10% to 0%
LOTTERY_RAW,2026-09-09T13:03:16.719791+00:00,launch_control_full_terminal,SSERV,SERV,4.88,4.65500020980835,-4.610651,-10% to 0%
LOTTERY_RAW,2026-09-09T13:03:16.719791+00:00,launch_control_full_terminal,BBOXL,BOXL,5.87,5.769999980926514,-1.703578,-10% to 0%
LOTTERY_RAW,2026-09-09T13:03:16.719791+00:00,launch_control_full_terminal,WWKHS,WKHS,3.06,3.0799999237060547,0.653592,0% to <10%
LOTTERY_RAW,2026-09-09T13:03:16.719791+00:00,launch_control_full_terminal,AAI,AI,10.46,10.380000114440918,-0.764817,-10% to 0%
LOTTERY_RAW,2026-09-09T13:03:16.719791+00:00,launch_control_full_terminal,CCAPR,CAPR,8.93,8.640000343322754,-3.247477,-10% to 0%
LOTTERY_RAW,2026-09-09T13:03:16.719791+00:00,launch_control_full_terminal,NNTLA,NTLA,12.7,12.210000038146973,-3.858267,-10% to 0%
LOTTERY_RAW,2026-09-09T13:03:16.719791+00:00,launch_control_full_terminal,CRGO,CRGO,1.4325,1.190000057220459,-16.928443,-20% to -10%
LOTTERY_RAW,2026-09-09T13:03:16.719791+00:00,launch_control_full_terminal,CIIT,CIIT,2.8699,2.809999942779541,-2.087183,-10% to 0%
LOTTERY_RAW,2026-09-09T13:03:16.719791+00:00,launch_control_full_terminal,SHEN,SHEN,13.5,11.920000076293945,-11.703703,-20% to -10%
LOTTERY_RAW,2026-09-09T13:03:16.719791+00:00,launch_control_full_terminal,INNV,INNV,11.5318,11.029999732971191,-4.351448,-10% to 0%
LOTTERY_RAW,2026-09-09T13:03:16.719791+00:00,launch_control_full_terminal,XPL,XPL,0.6746,0.6129999756813049,-9.131341,-10% to 0%
LOTTERY_RAW,2026-09-09T13:03:16.719791+00:00,launch_control_full_terminal,FBYD,FBYD,8.8348,7.360000133514404,-16.693076,-20% to -10%
LOTTERY_RAW,2026-09-09T13:03:16.719791+00:00,launch_control_full_terminal,CAN,CAN,0.344,0.31619998812675476,-8.081399,-10% to 0%
LOTTERY_RAW,2026-09-09T13:03:16.719791+00:00,launch_control_full_terminal,NOK,NOK,10.94,10.760000228881836,-1.645336,-10% to 0%
LOTTERY_RAW,2026-09-09T13:03:16.719791+00:00,launch_control_full_terminal,SNXX,SNXX,17.198,17.850000381469727,3.791141,0% to <10%
LOTTERY_RAW,2026-09-09T13:03:16.719791+00:00,launch_control_full_terminal,PDSB,PDSB,0.2889,0.2930000126361847,1.419181,0% to <10%
LOTTERY_RAW,2026-09-09T13:03:16.719791+00:00,launch_control_full_terminal,DVLT,DVLT,0.2166,0.20600000023841858,-4.893813,-10% to 0%
LOTTERY_RAW,2026-09-09T13:03:16.719791+00:00,launch_control_full_terminal,SNDQ,SNDQ,11.8,11.399999618530273,-3.389834,-10% to 0%
LOTTERY_RAW,2026-09-09T13:03:16.719791+00:00,launch_control_full_terminal,SSPCH,SPCH,10.38,9.789999961853027,-5.684008,-10% to 0%
LOTTERY_RAW,2026-09-09T13:03:16.719791+00:00,launch_control_full_terminal,RRITR,RITR,0.09,0.08699999749660492,-3.333336,-10% to 0%
LOTTERY_RAW,2026-09-09T13:03:16.719791+00:00,launch_control_full_terminal,NNIO,NIO,3.78,3.700000047683716,-2.116401,-10% to 0%
LOTTERY_RAW,2026-09-09T13:03:16.719791+00:00,launch_control_full_terminal,GGOSS,GOSS,0.16,0.15970000624656677,-0.187496,-10% to 0%
LOTTERY_RAW,2026-09-09T13:03:16.719791+00:00,launch_control_full_terminal,RRAM,RAM,14.23,14.640000343322754,2.881239,0% to <10%
LOTTERY_RAW,2026-09-09T13:03:16.719791+00:00,launch_control_full_terminal,SSSPC,SSPC,9.0,9.479999542236328,5.333328,0% to <10%
LOTTERY_RAW,2026-09-09T13:03:16.719791+00:00,launch_control_full_terminal,OOPEN,OPEN,3.02,3.0,-0.662252,-10% to 0%
LOTTERY_RAW,2026-09-09T13:03:16.719791+00:00,launch_control_full_terminal,VVXX,VXX,18.21,18.299999237060547,0.49423,0% to <10%
LOTTERY_RAW,2026-09-09T13:03:16.719791+00:00,launch_control_full_terminal,TSLL,TSLL,9.68,9.850000381469727,1.756202,0% to <10%
LOTTERY_RAW,2026-09-09T13:03:16.719791+00:00,launch_control_full_terminal,GPUS,GPUS,0.192,0.2013999968767166,4.895832,0% to <10%
LOTTERY_RAW,2026-09-09T13:03:16.719791+00:00,launch_control_full_terminal,MSTZ,MSTZ,3.82,4.25,11.256545,10% to <20%
LOTTERY_RAW,2026-09-09T13:03:16.719791+00:00,launch_control_full_terminal,SNAP,SNAP,5.4384,5.309999942779541,-2.36099,-10% to 0%
LOTTERY_RAW,2026-09-09T13:03:16.719791+00:00,launch_control_full_terminal,ETHA,ETHA,18.93,18.579999923706055,-1.848917,-10% to 0%
LOTTERY_RAW,2026-09-09T13:03:16.719791+00:00,launch_control_full_terminal,SOAR,SOAR,0.2091,0.210099995136261,0.478238,0% to <10%
LOTTERY_RAW,2026-09-09T13:03:16.719791+00:00,launch_control_full_terminal,CONL,CONL,5.7701,5.300000190734863,-8.147169,-10% to 0%
LOTTERY_RAW,2026-09-09T13:03:16.719791+00:00,launch_control_full_terminal,SPCH,SPCH,10.39,9.789999961853027,-5.774784,-10% to 0%
LOTTERY_RAW,2026-09-09T13:03:16.719791+00:00,launch_control_full_terminal,RITR,RITR,0.0851,0.08699999749660492,2.232665,0% to <10%
LOTTERY_RAW,2026-09-09T13:03:16.719791+00:00,launch_control_full_terminal,NIO,NIO,3.78,3.700000047683716,-2.116401,-10% to 0%
LOTTERY_RAW,2026-09-09T13:03:16.719791+00:00,launch_control_full_terminal,GOSS,GOSS,0.157,0.15970000624656677,1.719749,0% to <10%
LOTTERY_RAW,2026-09-09T13:03:16.719791+00:00,launch_control_full_terminal,RAM,RAM,14.23,14.640000343322754,2.881239,0% to <10%
LOTTERY_RAW,2026-09-09T13:03:16.719791+00:00,launch_control_full_terminal,SSPC,SSPC,8.99,9.479999542236328,5.450495,0% to <10%
LOTTERY_RAW,2026-09-09T13:03:16.719791+00:00,launch_control_full_terminal,OPEN,OPEN,3.01,3.0,-0.332226,-10% to 0%
LOTTERY_RAW,2026-09-09T13:03:16.719791+00:00,launch_control_full_terminal,VXX,VXX,18.21,18.299999237060547,0.49423,0% to <10%
LOTTERY_RAW,2026-09-09T13:03:16.719791+00:00,launch_control_full_terminal,GPRO,GPRO,1.46,1.4149999618530273,-3.082194,-10% to 0%
LOTTERY_RAW,2026-09-09T13:03:16.719791+00:00,launch_control_full_terminal,MLSS,MLSS,0.4401,0.4180000126361847,-5.021583,-10% to 0%
PHARMA_SHOCK,2026-09-09T13:03:16.719791+00:00,launch_control_full_terminal,RZLT,RZLT,4.22,4.059999942779541,-3.791471,-10% to 0%
PHARMA_SHOCK,2026-09-09T13:03:16.719791+00:00,launch_control_full_terminal,PYXS,PYXS,3.4,3.380000114440918,-0.588232,-10% to 0%
PHARMA_SHOCK,2026-09-09T13:03:16.719791+00:00,launch_control_full_terminal,ROIV,ROIV,41.2289,41.810001373291016,1.409452,0% to <10%
PHARMA_SHOCK,2026-09-09T13:03:16.719791+00:00,launch_control_full_terminal,ABT,ABT,105.98,105.2300033569336,-0.707678,-10% to 0%
PHARMA_SHOCK,2026-09-09T13:03:16.719791+00:00,launch_control_full_terminal,CRVS,CRVS,14.08,13.329999923706055,-5.326705,-10% to 0%
PHARMA_SHOCK,2026-09-09T13:03:16.719791+00:00,launch_control_full_terminal,CATX,CATX,3.18,2.990000009536743,-5.974842,-10% to 0%
PHARMA_SHOCK,2026-09-09T13:03:16.719791+00:00,launch_control_full_terminal,PBYI,PBYI,9.26,9.050000190734863,-2.267817,-10% to 0%
CORE,2026-09-09T14:00:37.962015+00:00,scheduler,LDOS,LDOS,129.805,128.13999938964844,-1.282694,-10% to 0%
CORE,2026-09-09T14:00:37.962015+00:00,scheduler,DELL,DELL,558.83,535.25,-4.21953,-10% to 0%
CORE,2026-09-09T14:00:37.962015+00:00,scheduler,ALMU,ALMU,13.4,13.300000190734863,-0.746267,-10% to 0%
CORE,2026-09-09T14:00:37.962015+00:00,scheduler,PLAY,PLAY,8.63,8.1899995803833,-5.098498,-10% to 0%
CORE,2026-09-09T14:00:37.962015+00:00,scheduler,CRML,CRML,7.23,7.070000171661377,-2.212999,-10% to 0%
CORE,2026-09-09T14:00:37.962015+00:00,scheduler,LOVE,LOVE,15.93,16.030000686645508,0.627751,0% to <10%
CORE,2026-09-09T14:00:37.962015+00:00,scheduler,SHOE,SHOE,13.3515,12.930000305175781,-3.156946,-10% to 0%
CORE,2026-09-09T14:00:37.962015+00:00,scheduler,RH,RH,142.33,139.3699951171875,-2.079677,-10% to 0%
CORE,2026-09-09T14:00:37.962015+00:00,scheduler,PATH,PATH,14.055,13.569999694824219,-3.450731,-10% to 0%
CORE,2026-09-09T14:00:37.962015+00:00,scheduler,FCEL,FCEL,17.065,16.56999969482422,-2.900676,-10% to 0%
CORE,2026-09-09T14:00:37.962015+00:00,scheduler,RR,RR,1.7,1.6699999570846558,-1.764708,-10% to 0%
CORE,2026-09-09T14:00:37.962015+00:00,scheduler,SAIL,SAIL,17.5801,17.579999923706055,-0.000569,-10% to 0%
CORE,2026-09-09T14:00:37.962015+00:00,scheduler,MMED,MMED,22.87,22.760000228881836,-0.480978,-10% to 0%
CORE,2026-09-09T14:00:37.962015+00:00,scheduler,CPB,CPB,21.995,21.8799991607666,-0.52285,-10% to 0%
CORE,2026-09-09T14:00:37.962015+00:00,scheduler,AI,AI,10.37,10.380000114440918,0.096433,0% to <10%
CORE,2026-09-09T14:00:37.962015+00:00,scheduler,CHPT,CHPT,8.9651,8.949999809265137,-0.168433,-10% to 0%
CORE,2026-09-09T14:00:37.962015+00:00,scheduler,BAH,BAH,71.47,72.19999694824219,1.021403,0% to <10%
CORE,2026-09-09T14:00:37.962015+00:00,scheduler,FLWS,FLWS,3.595,3.490000009536743,-2.920723,-10% to 0%
CORE,2026-09-09T14:00:37.962015+00:00,scheduler,GIII,GIII,28.05,27.540000915527344,-1.818179,-10% to 0%
CORE,2026-09-09T14:00:37.962015+00:00,scheduler,UPXI,UPXI,1.0299,1.034999966621399,0.49519,0% to <10%
CORE,2026-09-09T14:00:37.962015+00:00,scheduler,OXM,OXM,30.825,30.649999618530273,-0.567722,-10% to 0%
CORE,2026-09-09T14:00:37.962015+00:00,scheduler,ODD,ODD,15.18,16.479999542236328,8.563897,0% to <10%
CORE,2026-09-09T14:00:37.962015+00:00,scheduler,ASAN,ASAN,8.555,8.25,-3.565167,-10% to 0%
STRATEGY,2026-09-09T14:00:37.962015+00:00,scheduler,AAEHR,AEHR,100.17,95.55999755859375,-4.602179,-10% to 0%
STRATEGY,2026-09-09T14:00:37.962015+00:00,scheduler,AALLW,ALLW,30.0,29.860000610351562,-0.466665,-10% to 0%
STRATEGY,2026-09-09T14:00:37.962015+00:00,scheduler,AAMBA,AMBA,70.88,68.80000305175781,-2.934533,-10% to 0%
STRATEGY,2026-09-09T14:00:37.962015+00:00,scheduler,AASO,ASO,49.78,51.150001525878906,2.752112,0% to <10%
STRATEGY,2026-09-09T14:00:37.962015+00:00,scheduler,AASST,ASST,27.41,26.690000534057617,-2.626777,-10% to 0%
STRATEGY,2026-09-09T14:00:37.962015+00:00,scheduler,AAXTX,AXTX,8.09,7.380000114440918,-8.776266,-10% to 0%
STRATEGY,2026-09-09T14:00:37.962015+00:00,scheduler,ADBE,ADBE,257.26,254.86000061035156,-0.932908,-10% to 0%
STRATEGY,2026-09-09T14:00:37.962015+00:00,scheduler,AI,AI,10.37,10.380000114440918,0.096433,0% to <10%
STRATEGY,2026-09-09T14:00:37.962015+00:00,scheduler,ALLW,ALLW,29.995,29.860000610351562,-0.450073,-10% to 0%
STRATEGY,2026-09-09T14:00:37.962015+00:00,scheduler,ALMU,ALMU,13.4,13.300000190734863,-0.746267,-10% to 0%
STRATEGY,2026-09-09T14:00:37.962015+00:00,scheduler,ASAN,ASAN,8.555,8.25,-3.565167,-10% to 0%
STRATEGY,2026-09-09T14:00:37.962015+00:00,scheduler,ASO,ASO,49.695,51.150001525878906,2.927863,0% to <10%
STRATEGY,2026-09-09T14:00:37.962015+00:00,scheduler,AXTX,AXTX,8.01,7.380000114440918,-7.865167,-10% to 0%
STRATEGY,2026-09-09T14:00:37.962015+00:00,scheduler,BBOXX,BOXX,118.14,118.12999725341797,-0.008467,-10% to 0%
STRATEGY,2026-09-09T14:00:37.962015+00:00,scheduler,BOXX,BOXX,118.14,118.12999725341797,-0.008467,-10% to 0%
STRATEGY,2026-09-09T14:00:37.962015+00:00,scheduler,BRZE,BRZE,30.31,23.725000381469727,-21.725502,Below -20%
STRATEGY,2026-09-09T14:00:37.962015+00:00,scheduler,CAPR,CAPR,9.16,8.640000343322754,-5.676852,-10% to 0%
STRATEGY,2026-09-09T14:00:37.962015+00:00,scheduler,CASY,CASY,733.49,629.030029296875,-14.241499,-20% to -10%
STRATEGY,2026-09-09T14:00:37.962015+00:00,scheduler,CCHPT,CHPT,8.97,8.949999809265137,-0.222968,-10% to 0%
STRATEGY,2026-09-09T14:00:37.962015+00:00,scheduler,CCHYM,CHYM,34.24,34.54999923706055,0.905372,0% to <10%
STRATEGY,2026-09-09T14:00:37.962015+00:00,scheduler,CCNM,CNM,42.27,41.599998474121094,-1.585052,-10% to 0%
STRATEGY,2026-09-09T14:00:37.962015+00:00,scheduler,CCOHH,COHH,6.81,6.489999771118164,-4.698975,-10% to 0%
STRATEGY,2026-09-09T14:00:37.962015+00:00,scheduler,CCOHX,COHX,27.4,26.1200008392334,-4.67153,-10% to 0%
STRATEGY,2026-09-09T14:00:37.962015+00:00,scheduler,CHPT,CHPT,8.9651,8.949999809265137,-0.168433,-10% to 0%
STRATEGY,2026-09-09T14:00:37.962015+00:00,scheduler,CHWY,CHWY,23.27,20.75,-10.829394,-20% to -10%
STRATEGY,2026-09-09T14:00:37.962015+00:00,scheduler,CNM,CNM,44.06,41.599998474121094,-5.583299,-10% to 0%
STRATEGY,2026-09-09T14:00:37.962015+00:00,scheduler,COO,COO,67.69,63.47999954223633,-6.219531,-10% to 0%
STRATEGY,2026-09-09T14:00:37.962015+00:00,scheduler,CPB,CPB,21.995,21.8799991607666,-0.52285,-10% to 0%
STRATEGY,2026-09-09T14:00:37.962015+00:00,scheduler,CPRT,CPRT,32.6,32.029998779296875,-1.74847,-10% to 0%
STRATEGY,2026-09-09T14:00:37.962015+00:00,scheduler,CRML,CRML,7.23,7.070000171661377,-2.212999,-10% to 0%
STRATEGY,2026-09-09T14:00:37.962015+00:00,scheduler,DELL,DELL,558.83,535.25,-4.21953,-10% to 0%
STRATEGY,2026-09-09T14:00:37.962015+00:00,scheduler,DSGX,DSGX,75.56,73.44000244140625,-2.805714,-10% to 0%
STRATEGY,2026-09-09T14:00:37.962015+00:00,scheduler,EETHU,ETHU,26.99,26.079999923706055,-3.371619,-10% to 0%
STRATEGY,2026-09-09T14:00:37.962015+00:00,scheduler,FBL,FBL,26.0,26.40999984741211,1.576922,0% to <10%
STRATEGY,2026-09-09T14:00:37.962015+00:00,scheduler,FCEL,FCEL,17.065,16.56999969482422,-2.900676,-10% to 0%
STRATEGY,2026-09-09T14:00:37.962015+00:00,scheduler,FFAZ,FAZ,33.05,32.84000015258789,-0.6354,-10% to 0%
STRATEGY,2026-09-09T14:00:37.962015+00:00,scheduler,FFBL,FBL,25.91,26.40999984741211,1.929756,0% to <10%
STRATEGY,2026-09-09T14:00:37.962015+00:00,scheduler,FLWS,FLWS,3.595,3.490000009536743,-2.920723,-10% to 0%
STRATEGY,2026-09-09T14:00:37.962015+00:00,scheduler,GIII,GIII,28.05,27.540000915527344,-1.818179,-10% to 0%
STRATEGY,2026-09-09T14:00:37.962015+00:00,scheduler,GME,GME,18.89,19.889999389648438,5.293803,0% to <10%
STRATEGY,2026-09-09T14:00:37.962015+00:00,scheduler,GPRO,GPRO,1.425,1.4149999618530273,-0.701757,-10% to 0%
STRATEGY,2026-09-09T14:00:37.962015+00:00,scheduler,HOFT,HOFT,12.9,12.760000228881836,-1.08527,-10% to 0%
STRATEGY,2026-09-09T14:00:37.962015+00:00,scheduler,HTLM,HTLM,1.7,1.7000000476837158,3e-06,0% to <10%
STRATEGY,2026-09-09T14:00:37.962015+00:00,scheduler,IIONL,IONL,12.9,11.789999961853027,-8.604651,-10% to 0%
STRATEGY,2026-09-09T14:00:37.962015+00:00,scheduler,IIONX,IONX,23.5,21.43000030517578,-8.808509,-10% to 0%
STRATEGY,2026-09-09T14:00:37.962015+00:00,scheduler,IIRD,IRD,6.85,5.730000019073486,-16.350365,-20% to -10%
STRATEGY,2026-09-09T14:00:37.962015+00:00,scheduler,IITUB,ITUB,8.16,8.079999923706055,-0.980393,-10% to 0%
STRATEGY,2026-09-09T14:00:37.962015+00:00,scheduler,INDP,INDP,2.2445,2.0799999237060547,-7.32903,-10% to 0%
STRATEGY,2026-09-09T14:00:37.962015+00:00,scheduler,IONL,IONL,12.82,11.789999961853027,-8.034322,-10% to 0%
STRATEGY,2026-09-09T14:00:37.962015+00:00,scheduler,IRD,IRD,6.8375,5.730000019073486,-16.19744,-20% to -10%
STRATEGY,2026-09-09T14:00:37.962015+00:00,scheduler,ITUB,ITUB,8.165,8.079999923706055,-1.04103,-10% to 0%
STRATEGY,2026-09-09T14:00:37.962015+00:00,scheduler,JJMKE,JMKE,21.93,22.3700008392334,2.006388,0% to <10%
STRATEGY,2026-09-09T14:00:37.962015+00:00,scheduler,JMKE,JMKE,21.94,22.3700008392334,1.959894,0% to <10%
STRATEGY,2026-09-09T14:00:37.962015+00:00,scheduler,KEN,KEN,68.57,69.2300033569336,0.962525,0% to <10%
STRATEGY,2026-09-09T14:00:37.962015+00:00,scheduler,KR,KR,57.2,56.439998626708984,-1.328674,-10% to 0%
STRATEGY,2026-09-09T14:00:37.962015+00:00,scheduler,KT,KT,19.78,19.739999771118164,-0.202226,-10% to 0%
STRATEGY,2026-09-09T14:00:37.962015+00:00,scheduler,LABX,LABX,11.6421,11.34000015258789,-2.594891,-10% to 0%
STRATEGY,2026-09-09T14:00:37.962015+00:00,scheduler,LASE,LASE,0.8967,0.8011999726295471,-10.650165,-20% to -10%
STRATEGY,2026-09-09T14:00:37.962015+00:00,scheduler,LLABX,LABX,11.65,11.34000015258789,-2.660943,-10% to 0%
STRATEGY,2026-09-09T14:00:37.962015+00:00,scheduler,LOVE,LOVE,15.93,16.030000686645508,0.627751,0% to <10%
STRATEGY,2026-09-09T14:00:37.962015+00:00,scheduler,META,META,647.8105,653.6900024414062,0.907596,0% to <10%
STRATEGY,2026-09-09T14:00:37.962015+00:00,scheduler,METU,METU,25.14,25.540000915527344,1.591094,0% to <10%
STRATEGY,2026-09-09T14:00:37.962015+00:00,scheduler,MMED,MMED,22.87,22.760000228881836,-0.480978,-10% to 0%
STRATEGY,2026-09-09T14:00:37.962015+00:00,scheduler,MMETA,META,646.63,653.6900024414062,1.091815,0% to <10%
STRATEGY,2026-09-09T14:00:37.962015+00:00,scheduler,MMETU,METU,25.05,25.540000915527344,1.956091,0% to <10%
STRATEGY,2026-09-09T14:00:37.962015+00:00,scheduler,MMVLL,MVLL,30.41,29.15999984741211,-4.11049,-10% to 0%
STRATEGY,2026-09-09T14:00:37.962015+00:00,scheduler,MRK,MRK,148.99,147.52999877929688,-0.979932,-10% to 0%
STRATEGY,2026-09-09T14:00:37.962015+00:00,scheduler,MRNA,MRNA,133.32,135.61000061035156,1.717672,0% to <10%
STRATEGY,2026-09-09T14:00:37.962015+00:00,scheduler,NB,NB,4.12,4.039999961853027,-1.941748,-10% to 0%
STRATEGY,2026-09-09T14:00:37.962015+00:00,scheduler,ODD,ODD,15.18,16.479999542236328,8.563897,0% to <10%
STRATEGY,2026-09-09T14:00:37.962015+00:00,scheduler,ODD,ODD,15.35,16.479999542236328,7.361561,0% to <10%
STRATEGY,2026-09-09T14:00:37.962015+00:00,scheduler,OODD,ODD,15.22,16.479999542236328,8.278578,0% to <10%
STRATEGY,2026-09-09T14:00:37.962015+00:00,scheduler,ORCL,ORCL,162.52,161.6300048828125,-0.547622,-10% to 0%
STRATEGY,2026-09-09T14:00:37.962015+00:00,scheduler,OXM,OXM,30.825,30.649999618530273,-0.567722,-10% to 0%
STRATEGY,2026-09-09T14:00:37.962015+00:00,scheduler,PATH,PATH,14.055,13.569999694824219,-3.450731,-10% to 0%
STRATEGY,2026-09-09T14:00:37.962015+00:00,scheduler,PLAY,PLAY,8.63,8.1899995803833,-5.098498,-10% to 0%
STRATEGY,2026-09-09T14:00:37.962015+00:00,scheduler,RH,RH,142.33,139.3699951171875,-2.079677,-10% to 0%
STRATEGY,2026-09-09T14:00:37.962015+00:00,scheduler,RKLX,RKLX,15.67,14.489999771118164,-7.530314,-10% to 0%
STRATEGY,2026-09-09T14:00:37.962015+00:00,scheduler,RR,RR,1.7,1.6699999570846558,-1.764708,-10% to 0%
STRATEGY,2026-09-09T14:00:37.962015+00:00,scheduler,RRKLX,RKLX,15.79,14.489999771118164,-8.23306,-10% to 0%
STRATEGY,2026-09-09T14:00:37.962015+00:00,scheduler,SAIL,SAIL,17.79,17.579999923706055,-1.180439,-10% to 0%
STRATEGY,2026-09-09T14:00:37.962015+00:00,scheduler,SAIL,SAIL,17.5801,17.579999923706055,-0.000569,-10% to 0%
STRATEGY,2026-09-09T14:00:37.962015+00:00,scheduler,SHOE,SHOE,13.3515,12.930000305175781,-3.156946,-10% to 0%
STRATEGY,2026-09-09T14:00:37.962015+00:00,scheduler,SHOE,SHOE,13.35,12.930000305175781,-3.146065,-10% to 0%
STRATEGY,2026-09-09T14:00:37.962015+00:00,scheduler,SIG,SIG,98.215,102.4800033569336,4.342517,0% to <10%
STRATEGY,2026-09-09T14:00:37.962015+00:00,scheduler,SSECZ,SECZ,8.08,8.430000305175781,4.331687,0% to <10%
STRATEGY,2026-09-09T14:00:37.962015+00:00,scheduler,SSHOE,SHOE,13.34,12.930000305175781,-3.073461,-10% to 0%
STRATEGY,2026-09-09T14:00:37.962015+00:00,scheduler,SSIG,SIG,98.19,102.4800033569336,4.369084,0% to <10%
STRATEGY,2026-09-09T14:00:37.962015+00:00,scheduler,SSL,SSL,14.36,14.579999923706055,1.532033,0% to <10%
STRATEGY,2026-09-09T14:00:37.962015+00:00,scheduler,SSSL,SSL,14.34,14.579999923706055,1.67364,0% to <10%
STRATEGY,2026-09-09T14:00:37.962015+00:00,scheduler,SSUNB,SUNB,76.06,73.41999816894531,-3.470946,-10% to 0%
STRATEGY,2026-09-09T14:00:37.962015+00:00,scheduler,SUNB,SUNB,69.32,73.41999816894531,5.914596,0% to <10%
STRATEGY,2026-09-09T14:00:37.962015+00:00,scheduler,SUNB,SUNB,76.12,73.41999816894531,-3.547033,-10% to 0%
STRATEGY,2026-09-09T14:00:37.962015+00:00,scheduler,TH,TH,19.27,19.200000762939453,-0.363255,-10% to 0%
STRATEGY,2026-09-09T14:00:37.962015+00:00,scheduler,TTAN,TTAN,81.58,57.119998931884766,-29.98284,Below -20%
STRATEGY,2026-09-09T14:00:37.962015+00:00,scheduler,TTH,TH,19.26,19.200000762939453,-0.311523,-10% to 0%
STRATEGY,2026-09-09T14:00:37.962015+00:00,scheduler,UPXI,UPXI,1.0299,1.034999966621399,0.49519,0% to <10%
STRATEGY,2026-09-09T14:00:37.962015+00:00,scheduler,VFS,VFS,3.1,3.059999942779541,-1.290324,-10% to 0%
STRATEGY,2026-09-09T14:00:37.962015+00:00,scheduler,VVALE,VALE,15.64,15.4399995803833,-1.278775,-10% to 0%
STRATEGY,2026-09-09T14:00:37.962015+00:00,scheduler,XP,XP,19.335,19.040000915527344,-1.525726,-10% to 0%
STRATEGY,2026-09-09T14:00:37.962015+00:00,scheduler,XXP,XP,19.35,19.040000915527344,-1.602062,-10% to 0%
STRATEGY,2026-09-09T14:00:37.962015+00:00,scheduler,ZZIM,ZIM,29.7,29.3799991607666,-1.077444,-10% to 0%
LOTTERY_RAW,2026-09-09T14:00:37.962015+00:00,scheduler,CAPR,CAPR,9.16,8.640000343322754,-5.676852,-10% to 0%
LOTTERY_RAW,2026-09-09T14:00:37.962015+00:00,scheduler,OOLB,OLB,0.4,0.33500000834465027,-16.249998,-20% to -10%
LOTTERY_RAW,2026-09-09T14:00:37.962015+00:00,scheduler,MMGN,MGN,0.67,0.2757999897003174,-58.835822,Below -20%
LOTTERY_RAW,2026-09-09T14:00:37.962015+00:00,scheduler,YYMAT,YMAT,1.95,2.2699999809265137,16.410255,10% to <20%
LOTTERY_RAW,2026-09-09T14:00:37.962015+00:00,scheduler,IIRD,IRD,6.78,5.730000019073486,-15.486725,-20% to -10%
LOTTERY_RAW,2026-09-09T14:00:37.962015+00:00,scheduler,AAGRZ,AGRZ,0.29,0.2506999969482422,-13.551725,-20% to -10%
LOTTERY_RAW,2026-09-09T14:00:37.962015+00:00,scheduler,SSUNE,SUNE,3.1,4.510000228881836,45.483878,30% and higher
LOTTERY_RAW,2026-09-09T14:00:37.962015+00:00,scheduler,XXHLD,XHLD,11.75,10.510000228881836,-10.55319,-20% to -10%
LOTTERY_RAW,2026-09-09T14:00:37.962015+00:00,scheduler,RRML,RML,12.62,11.600000381469727,-8.082406,-10% to 0%
LOTTERY_RAW,2026-09-09T14:00:37.962015+00:00,scheduler,BBIAF,BIAF,11.06,10.5,-5.063291,-10% to 0%
LOTTERY_RAW,2026-09-09T14:00:37.962015+00:00,scheduler,AARBE,ARBE,0.88,0.7939000129699707,-9.784089,-10% to 0%
LOTTERY_RAW,2026-09-09T14:00:37.962015+00:00,scheduler,OODD,ODD,15.12,16.479999542236328,8.994706,0% to <10%
LOTTERY_RAW,2026-09-09T14:00:37.962015+00:00,scheduler,IINDP,INDP,2.2,2.0799999237060547,-5.454549,-10% to 0%
LOTTERY_RAW,2026-09-09T14:00:37.962015+00:00,scheduler,ONDS,ONDS,7.53,7.289999961853027,-3.187252,-10% to 0%
LOTTERY_RAW,2026-09-09T14:00:37.962015+00:00,scheduler,SOUN,SOUN,6.53,6.480000019073486,-0.765696,-10% to 0%
LOTTERY_RAW,2026-09-09T14:00:37.962015+00:00,scheduler,VIVO,VIVO,4.27,4.150000095367432,-2.810302,-10% to 0%
LOTTERY_RAW,2026-09-09T14:00:37.962015+00:00,scheduler,FFAMI,FAMI,0.13,0.12999999523162842,-4e-06,-10% to 0%
LOTTERY_RAW,2026-09-09T14:00:37.962015+00:00,scheduler,TTENX,TENX,2.18,2.130000114440918,-2.293573,-10% to 0%
LOTTERY_RAW,2026-09-09T14:00:37.962015+00:00,scheduler,BAOS,BAOS,0.33,0.33559998869895935,1.696966,0% to <10%
LOTTERY_RAW,2026-09-09T14:00:37.962015+00:00,scheduler,ZCMD,ZCMD,0.88,0.8809000253677368,0.102276,0% to <10%
LOTTERY_RAW,2026-09-09T14:00:37.962015+00:00,scheduler,MRLN,MRLN,3.18,3.140000104904175,-1.257858,-10% to 0%
LOTTERY_RAW,2026-09-09T14:00:37.962015+00:00,scheduler,FGI,FGI,7.45,7.730000019073486,3.75839,0% to <10%
LOTTERY_RAW,2026-09-09T14:00:37.962015+00:00,scheduler,BXBL,BXBL,4.39,4.360000133514404,-0.683368,-10% to 0%
LOTTERY_RAW,2026-09-09T14:00:37.962015+00:00,scheduler,KPTI,KPTI,1.71,1.690000057220459,-1.169587,-10% to 0%
LOTTERY_RAW,2026-09-09T14:00:37.962015+00:00,scheduler,FRMM,FRMM,4.63,4.619999885559082,-0.215985,-10% to 0%
LOTTERY_RAW,2026-09-09T14:00:37.962015+00:00,scheduler,AKAN,AKAN,3.22,3.25,0.931677,0% to <10%
LOTTERY_RAW,2026-09-09T14:00:37.962015+00:00,scheduler,PLCE,PLCE,2.76,2.5399999618530273,-7.971016,-10% to 0%
LOTTERY_RAW,2026-09-09T14:00:37.962015+00:00,scheduler,HQ,HQ,15.96,16.06999969482422,0.689221,0% to <10%
LOTTERY_RAW,2026-09-09T14:00:37.962015+00:00,scheduler,HWH,HWH,1.83,1.8600000143051147,1.639345,0% to <10%
LOTTERY_RAW,2026-09-09T14:00:37.962015+00:00,scheduler,DFSC,DFSC,1.56,1.5099999904632568,-3.205129,-10% to 0%
LOTTERY_RAW,2026-09-09T14:00:37.962015+00:00,scheduler,HPK,HPK,8.32,8.210000038146973,-1.322115,-10% to 0%
LOTTERY_RAW,2026-09-09T14:00:37.962015+00:00,scheduler,LENZ,LENZ,5.3,4.909999847412109,-7.358493,-10% to 0%
LOTTERY_RAW,2026-09-09T14:00:37.962015+00:00,scheduler,BETR,BETR,13.79,13.460000038146973,-2.393038,-10% to 0%
LOTTERY_RAW,2026-09-09T14:00:37.962015+00:00,scheduler,BTDR,BTDR,12.67,12.329999923706055,-2.683505,-10% to 0%
LOTTERY_RAW,2026-09-09T14:00:37.962015+00:00,scheduler,GRPN,GRPN,18.26,18.299999237060547,0.219054,0% to <10%
LOTTERY_RAW,2026-09-09T14:00:37.962015+00:00,scheduler,PROK,PROK,1.92,1.850000023841858,-3.645832,-10% to 0%
LOTTERY_RAW,2026-09-09T14:00:37.962015+00:00,scheduler,SVRA,SVRA,5.47,5.414999961853027,-1.005485,-10% to 0%
LOTTERY_RAW,2026-09-09T14:00:37.962015+00:00,scheduler,VELO,VELO,11.6,10.90999984741211,-5.948277,-10% to 0%
LOTTERY_RAW,2026-09-09T14:00:37.962015+00:00,scheduler,RXRX,RXRX,3.38,3.2149999141693115,-4.881659,-10% to 0%
LOTTERY_RAW,2026-09-09T14:00:37.962015+00:00,scheduler,SHOE,SHOE,13.35,12.930000305175781,-3.146065,-10% to 0%
LOTTERY_RAW,2026-09-09T14:00:37.962015+00:00,scheduler,PRME,PRME,3.48,3.4700000286102295,-0.287355,-10% to 0%
LOTTERY_RAW,2026-09-09T14:00:37.962015+00:00,scheduler,LCID,LCID,4.53,4.269999980926514,-5.739515,-10% to 0%
LOTTERY_RAW,2026-09-09T14:00:37.962015+00:00,scheduler,BRNX,BRNX,2.41,2.630000114440918,9.128635,0% to <10%
LOTTERY_RAW,2026-09-09T14:00:37.962015+00:00,scheduler,JACK,JACK,14.87,14.779999732971191,-0.605247,-10% to 0%
LOTTERY_RAW,2026-09-09T14:00:37.962015+00:00,scheduler,OFAL,OFAL,0.74,0.6873999834060669,-7.10811,-10% to 0%
LOTTERY_RAW,2026-09-09T14:00:37.962015+00:00,scheduler,XRX,XRX,3.17,3.140000104904175,-0.946369,-10% to 0%
LOTTERY_RAW,2026-09-09T14:00:37.962015+00:00,scheduler,SPRY,SPRY,5.36,5.230000019073486,-2.425373,-10% to 0%
LOTTERY_RAW,2026-09-09T14:00:37.962015+00:00,scheduler,IEP,IEP,6.86,6.829999923706055,-0.437319,-10% to 0%
LOTTERY_RAW,2026-09-09T14:00:37.962015+00:00,scheduler,SERV,SERV,4.84,4.65500020980835,-3.82231,-10% to 0%
LOTTERY_RAW,2026-09-09T14:00:37.962015+00:00,scheduler,BOXL,BOXL,5.9,5.769999980926514,-2.20339,-10% to 0%
LOTTERY_RAW,2026-09-09T14:00:37.962015+00:00,scheduler,WKHS,WKHS,3.1,3.0799999237060547,-0.645164,-10% to 0%
LOTTERY_RAW,2026-09-09T14:00:37.962015+00:00,scheduler,AI,AI,10.35,10.380000114440918,0.289856,0% to <10%
LOTTERY_RAW,2026-09-09T14:00:37.962015+00:00,scheduler,FRGT,FRGT,1.03,0.9700000286102295,-5.82524,-10% to 0%
LOTTERY_RAW,2026-09-09T14:00:37.962015+00:00,scheduler,NTLA,NTLA,12.66,12.210000038146973,-3.554502,-10% to 0%
LOTTERY_RAW,2026-09-09T14:00:37.962015+00:00,scheduler,MMIMI,MIMI,0.97,0.9401999711990356,-3.072168,-10% to 0%
LOTTERY_RAW,2026-09-09T14:00:37.962015+00:00,scheduler,TTNON,TNON,3.65,2.440000057220459,-33.150683,Below -20%
LOTTERY_RAW,2026-09-09T14:00:37.962015+00:00,scheduler,UUFG,UFG,0.61,0.7196000218391418,17.967217,10% to <20%
LOTTERY_RAW,2026-09-09T14:00:37.962015+00:00,scheduler,PPULM,PULM,1.56,1.4800000190734863,-5.128204,-10% to 0%
LOTTERY_RAW,2026-09-09T14:00:37.962015+00:00,scheduler,SSGLY,SGLY,1.78,1.8899999856948853,6.179774,0% to <10%
LOTTERY_RAW,2026-09-09T14:00:37.962015+00:00,scheduler,IINNV,INNV,11.69,11.029999732971191,-5.645853,-10% to 0%
LOTTERY_RAW,2026-09-09T14:00:37.962015+00:00,scheduler,CCAL,CAL,13.51,12.149999618530273,-10.06662,-20% to -10%
LOTTERY_RAW,2026-09-09T14:00:37.962015+00:00,scheduler,SSNXX,SSNXX,18.38,1.0,-94.559304,Below -20%
LOTTERY_RAW,2026-09-09T14:00:37.962015+00:00,scheduler,LLAC,LAC,3.16,3.190000057220459,0.949369,0% to <10%
LOTTERY_RAW,2026-09-09T14:00:37.962015+00:00,scheduler,VVVOS,VVOS,0.17,0.17020000517368317,0.11765,0% to <10%
LOTTERY_RAW,2026-09-09T14:00:37.962015+00:00,scheduler,SSDA,SDA,0.46,0.6000000238418579,30.434788,30% and higher
LOTTERY_RAW,2026-09-09T14:00:37.962015+00:00,scheduler,SSCNX,SSCNX,0.36,17.40999984741211,4736.111069,30% and higher
LOTTERY_RAW,2026-09-09T14:00:37.962015+00:00,scheduler,DDPU,DPU,2.03,2.049999952316284,0.985219,0% to <10%
LOTTERY_RAW,2026-09-09T14:00:37.962015+00:00,scheduler,FFGL,FGL,7.74,6.789999961853027,-12.273902,-20% to -10%
LOTTERY_RAW,2026-09-09T14:00:37.962015+00:00,scheduler,AACCL,ACCL,2.66,3.0999999046325684,16.54135,10% to <20%
LOTTERY_RAW,2026-09-09T14:00:37.962015+00:00,scheduler,TTH,TH,19.3,19.200000762939453,-0.518131,-10% to 0%
LOTTERY_RAW,2026-09-09T14:00:37.962015+00:00,scheduler,TTYRA,TYRA,19.89,22.010000228881836,10.658624,10% to <20%
LOTTERY_RAW,2026-09-09T14:00:37.962015+00:00,scheduler,OONDS,ONDS,7.53,7.289999961853027,-3.187252,-10% to 0%
LOTTERY_RAW,2026-09-09T14:00:37.962015+00:00,scheduler,SSOUN,SOUN,6.53,6.480000019073486,-0.765696,-10% to 0%
LOTTERY_RAW,2026-09-09T14:00:37.962015+00:00,scheduler,GGLMD,GLMD,4.06,4.630000114440918,14.039412,10% to <20%
LOTTERY_RAW,2026-09-09T14:00:37.962015+00:00,scheduler,VVIVO,VIVO,4.27,4.150000095367432,-2.810302,-10% to 0%
LOTTERY_RAW,2026-09-09T14:00:37.962015+00:00,scheduler,NNIU,NIU,2.09,2.049999952316284,-1.913878,-10% to 0%
LOTTERY_RAW,2026-09-09T14:00:37.962015+00:00,scheduler,GGRAB,GRAB,3.09,3.0399999618530273,-1.618124,-10% to 0%
LOTTERY_RAW,2026-09-09T14:00:37.962015+00:00,scheduler,NNOK,NOK,10.99,10.760000228881836,-2.09281,-10% to 0%
LOTTERY_RAW,2026-09-09T14:00:37.962015+00:00,scheduler,TTSLL,TSLL,10.03,9.850000381469727,-1.794612,-10% to 0%
LOTTERY_RAW,2026-09-09T14:00:37.962015+00:00,scheduler,IITUB,ITUB,8.15,8.079999923706055,-0.858897,-10% to 0%
LOTTERY_RAW,2026-09-09T14:00:37.962015+00:00,scheduler,DDVLT,DVLT,0.2,0.20600000023841858,3.0,0% to <10%
LOTTERY_RAW,2026-09-09T14:00:37.962015+00:00,scheduler,GGPRO,GPRO,1.44,1.4149999618530273,-1.736114,-10% to 0%
LOTTERY_RAW,2026-09-09T14:00:37.962015+00:00,scheduler,GGOSS,GOSS,0.16,0.15970000624656677,-0.187496,-10% to 0%
LOTTERY_RAW,2026-09-09T14:00:37.962015+00:00,scheduler,CCAN,CAN,0.33,0.31619998812675476,-4.181822,-10% to 0%
LOTTERY_RAW,2026-09-09T14:00:37.962015+00:00,scheduler,VVALE,VALE,15.64,15.4399995803833,-1.278775,-10% to 0%
LOTTERY_RAW,2026-09-09T14:00:37.962015+00:00,scheduler,PPDSB,PDSB,0.31,0.2930000126361847,-5.483867,-10% to 0%
LOTTERY_RAW,2026-09-09T14:00:37.962015+00:00,scheduler,GGCDT,GCDT,0.61,0.6383000016212463,4.639345,0% to <10%
LOTTERY_RAW,2026-09-09T14:00:37.962015+00:00,scheduler,SSNDQ,SNDQ,11.03,11.399999618530273,3.354484,0% to <10%
LOTTERY_RAW,2026-09-09T14:00:37.962015+00:00,scheduler,LLASE,LASE,0.89,0.8011999726295471,-9.977531,-10% to 0%
LOTTERY_RAW,2026-09-09T14:00:37.962015+00:00,scheduler,GGPUS,GPUS,0.2,0.2013999968767166,0.699998,0% to <10%
LOTTERY_RAW,2026-09-09T14:00:37.962015+00:00,scheduler,EETHA,ETHA,18.88,18.579999923706055,-1.588983,-10% to 0%
LOTTERY_RAW,2026-09-09T14:00:37.962015+00:00,scheduler,BBITO,BITO,10.63,10.510000228881836,-1.128878,-10% to 0%
LOTTERY_RAW,2026-09-09T14:00:37.962015+00:00,scheduler,NNIO,NIO,3.73,3.700000047683716,-0.804288,-10% to 0%
LOTTERY_RAW,2026-09-09T14:00:37.962015+00:00,scheduler,SSNAP,SNAP,5.41,5.309999942779541,-1.84843,-10% to 0%
LOTTERY_RAW,2026-09-09T14:00:37.962015+00:00,scheduler,SSPCH,SPCH,10.38,9.789999961853027,-5.684008,-10% to 0%
LOTTERY_RAW,2026-09-09T14:00:37.962015+00:00,scheduler,SSMR,SSMR,10.88,17.8799991607666,64.338228,30% and higher
LOTTERY_RAW,2026-09-09T14:00:37.962015+00:00,scheduler,PPATH,PATH,13.91,13.569999694824219,-2.444287,-10% to 0%
LOTTERY_RAW,2026-09-09T14:00:37.962015+00:00,scheduler,CCONL,CONL,5.58,5.300000190734863,-5.017918,-10% to 0%
LOTTERY_RAW,2026-09-09T14:00:37.962015+00:00,scheduler,MMSTZ,MSTZ,4.03,4.25,5.459057,0% to <10%
LOTTERY_RAW,2026-09-09T14:00:37.962015+00:00,scheduler,DDAMD,DAMD,1.3,1.309999942779541,0.769226,0% to <10%
LOTTERY_RAW,2026-09-09T14:00:37.962015+00:00,scheduler,OLB,OLB,0.4039,0.33500000834465027,-17.058676,-20% to -10%
LOTTERY_RAW,2026-09-09T14:00:37.962015+00:00,scheduler,AGRZ,AGRZ,0.2951,0.2506999969482422,-15.045748,-20% to -10%
LOTTERY_RAW,2026-09-09T14:00:37.962015+00:00,scheduler,FAMI,FAMI,0.1308,0.12999999523162842,-0.611624,-10% to 0%
LOTTERY_RAW,2026-09-09T14:00:37.962015+00:00,scheduler,MGN,MGN,0.6694,0.2757999897003174,-58.798926,Below -20%
LOTTERY_RAW,2026-09-09T14:00:37.962015+00:00,scheduler,VVOS,VVOS,0.1725,0.17020000517368317,-1.33333,-10% to 0%
LOTTERY_RAW,2026-09-09T14:00:37.962015+00:00,scheduler,SUNE,SUNE,3.0903,4.510000228881836,45.940531,30% and higher
LOTTERY_RAW,2026-09-09T14:00:37.962015+00:00,scheduler,YMAT,YMAT,1.9301,2.2699999809265137,17.610486,10% to <20%
LOTTERY_RAW,2026-09-09T14:00:37.962015+00:00,scheduler,IRD,IRD,6.82,5.730000019073486,-15.982404,-20% to -10%
LOTTERY_RAW,2026-09-09T14:00:37.962015+00:00,scheduler,MIMI,MIMI,0.9745,0.9401999711990356,-3.519757,-10% to 0%
LOTTERY_RAW,2026-09-09T14:00:37.962015+00:00,scheduler,TNON,TNON,3.645,2.440000057220459,-33.058983,Below -20%
LOTTERY_RAW,2026-09-09T14:00:37.962015+00:00,scheduler,SDA,SDA,0.4631,0.6000000238418579,29.561655,20% to <30%
LOTTERY_RAW,2026-09-09T14:00:37.962015+00:00,scheduler,SCNX,SCNX,0.3515,0.3671000003814697,4.438122,0% to <10%
LOTTERY_RAW,2026-09-09T14:00:37.962015+00:00,scheduler,BIAF,BIAF,11.0862,10.5,-5.287655,-10% to 0%
LOTTERY_RAW,2026-09-09T14:00:37.962015+00:00,scheduler,ARBE,ARBE,0.8874,0.7939000129699707,-10.536397,-20% to -10%
LOTTERY_RAW,2026-09-09T14:00:37.962015+00:00,scheduler,YYQ,YQ,3.66,4.570000171661377,24.863393,20% to <30%
LOTTERY_RAW,2026-09-09T14:00:37.962015+00:00,scheduler,SSCII,SCII,10.12,10.119999885559082,-1e-06,-10% to 0%
LOTTERY_RAW,2026-09-09T14:00:37.962015+00:00,scheduler,HHFSP,HFSP,13.3,13.300000190734863,1e-06,0% to <10%
LOTTERY_RAW,2026-09-09T14:00:37.962015+00:00,scheduler,TTXBC,TXBC,17.59,17.19499969482422,-2.245596,-10% to 0%
LOTTERY_RAW,2026-09-09T14:00:37.962015+00:00,scheduler,TTVA,TVA,10.56,10.550000190734863,-0.094695,-10% to 0%
LOTTERY_RAW,2026-09-09T14:00:37.962015+00:00,scheduler,MMZYX,MZYX,10.0,10.0,0.0,0% to <10%
LOTTERY_RAW,2026-09-09T14:00:37.962015+00:00,scheduler,RML,RML,12.6206,11.600000381469727,-8.086776,-10% to 0%
LOTTERY_RAW,2026-09-09T14:00:37.962015+00:00,scheduler,DPU,DPU,2.06,2.049999952316284,-0.485439,-10% to 0%
LOTTERY_RAW,2026-09-09T14:00:37.962015+00:00,scheduler,FGL,FGL,7.87,6.789999961853027,-13.722999,-20% to -10%
LOTTERY_RAW,2026-09-09T14:00:37.962015+00:00,scheduler,ACCL,ACCL,2.69,3.0999999046325684,15.241632,10% to <20%
LOTTERY_RAW,2026-09-09T14:00:37.962015+00:00,scheduler,YQ,YQ,3.66,4.570000171661377,24.863393,20% to <30%
LOTTERY_RAW,2026-09-09T14:00:37.962015+00:00,scheduler,SCII,SCII,10.12,10.119999885559082,-1e-06,-10% to 0%
LOTTERY_RAW,2026-09-09T14:00:37.962015+00:00,scheduler,UFG,UFG,0.5814,0.7196000218391418,23.770214,20% to <30%
LOTTERY_RAW,2026-09-09T14:00:37.962015+00:00,scheduler,HFSP,HFSP,16.57,13.300000190734863,-19.734459,-20% to -10%
LOTTERY_RAW,2026-09-09T14:00:37.962015+00:00,scheduler,TXBC,TXBC,17.59,17.19499969482422,-2.245596,-10% to 0%
LOTTERY_RAW,2026-09-09T14:00:37.962015+00:00,scheduler,TVA,TVA,10.56,10.550000190734863,-0.094695,-10% to 0%
LOTTERY_RAW,2026-09-09T14:00:37.962015+00:00,scheduler,MZYX,MZYX,10.0,10.0,0.0,0% to <10%
LOTTERY_RAW,2026-09-09T14:00:37.962015+00:00,scheduler,ODD,ODD,15.1224,16.479999542236328,8.977408,0% to <10%
LOTTERY_RAW,2026-09-09T14:00:37.962015+00:00,scheduler,DDSAC,DSAC,10.18,10.1899995803833,0.098228,0% to <10%
LOTTERY_RAW,2026-09-09T14:00:37.962015+00:00,scheduler,GGRAG,GRAG,4.42,4.240499973297119,-4.061087,-10% to 0%
LOTTERY_RAW,2026-09-09T14:00:37.962015+00:00,scheduler,MMETQ,METQ,18.98,18.520099639892578,-2.423079,-10% to 0%
LOTTERY_RAW,2026-09-09T14:00:37.962015+00:00,scheduler,PPECE,PECE,10.02,10.020000457763672,5e-06,0% to <10%
LOTTERY_RAW,2026-09-09T14:00:37.962015+00:00,scheduler,SSER,SER,2.57,2.569999933242798,-3e-06,-10% to 0%
LOTTERY_RAW,2026-09-09T14:00:37.962015+00:00,scheduler,TTDOT,TDOT,13.95,13.484600067138672,-3.3362,-10% to 0%
LOTTERY_RAW,2026-09-09T14:00:37.962015+00:00,scheduler,AAUXX,AAUXX,7.54,1.0,-86.737401,Below -20%
LOTTERY_RAW,2026-09-09T14:00:37.962015+00:00,scheduler,AASMH,ASMH,11.73,11.649999618530273,-0.682015,-10% to 0%
LOTTERY_RAW,2026-09-09T14:00:37.962015+00:00,scheduler,MMETD,METD,14.77,14.579999923706055,-1.286392,-10% to 0%
LOTTERY_RAW,2026-09-09T14:00:37.962015+00:00,scheduler,SSKHN,SKHN,9.77,9.460000038146973,-3.172978,-10% to 0%
LOTTERY_RAW,2026-09-09T14:00:37.962015+00:00,scheduler,DSAC,DSAC,10.18,10.1899995803833,0.098228,0% to <10%
LOTTERY_RAW,2026-09-09T14:00:37.962015+00:00,scheduler,TH,TH,19.265,19.200000762939453,-0.337395,-10% to 0%
LOTTERY_RAW,2026-09-09T14:00:37.962015+00:00,scheduler,GRAG,GRAG,4.43,4.240499973297119,-4.277653,-10% to 0%
LOTTERY_RAW,2026-09-09T14:00:37.962015+00:00,scheduler,METQ,METQ,18.8766,18.520099639892578,-1.888584,-10% to 0%
LOTTERY_RAW,2026-09-09T14:00:37.962015+00:00,scheduler,PECE,PECE,10.02,10.020000457763672,5e-06,0% to <10%
LOTTERY_RAW,2026-09-09T14:00:37.962015+00:00,scheduler,GLMD,GLMD,4.06,4.630000114440918,14.039412,10% to <20%
LOTTERY_RAW,2026-09-09T14:00:37.962015+00:00,scheduler,SER,SER,2.565,2.569999933242798,0.194929,0% to <10%
LOTTERY_RAW,2026-09-09T14:00:37.962015+00:00,scheduler,TYRA,TYRA,19.9,22.010000228881836,10.603016,10% to <20%
LOTTERY_RAW,2026-09-09T14:00:37.962015+00:00,scheduler,PULM,PULM,1.5501,1.4800000190734863,-4.522288,-10% to 0%
LOTTERY_RAW,2026-09-09T14:00:37.962015+00:00,scheduler,TDOT,TDOT,13.95,13.484600067138672,-3.3362,-10% to 0%
LOTTERY_RAW,2026-09-09T14:00:37.962015+00:00,scheduler,AUXX,AUXX,7.54,7.039999961853027,-6.6313,-10% to 0%
LOTTERY_RAW,2026-09-09T14:00:37.962015+00:00,scheduler,ASMH,ASMH,11.73,11.649999618530273,-0.682015,-10% to 0%
LOTTERY_RAW,2026-09-09T14:00:37.962015+00:00,scheduler,METD,METD,14.75,14.579999923706055,-1.152543,-10% to 0%
LOTTERY_RAW,2026-09-09T14:00:37.962015+00:00,scheduler,SKHN,SKHN,9.83,9.460000038146973,-3.763987,-10% to 0%
LOTTERY_RAW,2026-09-09T14:00:37.962015+00:00,scheduler,BBAOS,BAOS,0.33,0.33559998869895935,1.696966,0% to <10%
LOTTERY_RAW,2026-09-09T14:00:37.962015+00:00,scheduler,ZZCMD,ZCMD,0.88,0.8809000253677368,0.102276,0% to <10%
LOTTERY_RAW,2026-09-09T14:00:37.962015+00:00,scheduler,MMRLN,MRLN,3.18,3.140000104904175,-1.257858,-10% to 0%
LOTTERY_RAW,2026-09-09T14:00:37.962015+00:00,scheduler,FFGI,FGI,7.45,7.730000019073486,3.75839,0% to <10%
LOTTERY_RAW,2026-09-09T14:00:37.962015+00:00,scheduler,BBXBL,BXBL,4.41,4.360000133514404,-1.133784,-10% to 0%
LOTTERY_RAW,2026-09-09T14:00:37.962015+00:00,scheduler,KKPTI,KPTI,1.7,1.690000057220459,-0.588232,-10% to 0%
LOTTERY_RAW,2026-09-09T14:00:37.962015+00:00,scheduler,FFRMM,FRMM,4.61,4.619999885559082,0.216917,0% to <10%
LOTTERY_RAW,2026-09-09T14:00:37.962015+00:00,scheduler,AAKAN,AKAN,3.23,3.25,0.619195,0% to <10%
LOTTERY_RAW,2026-09-09T14:00:37.962015+00:00,scheduler,PPLCE,PLCE,2.76,2.5399999618530273,-7.971016,-10% to 0%
LOTTERY_RAW,2026-09-09T14:00:37.962015+00:00,scheduler,HHQ,HQ,15.89,16.06999969482422,1.132786,0% to <10%
LOTTERY_RAW,2026-09-09T14:00:37.962015+00:00,scheduler,HHWH,HWH,1.74,1.8600000143051147,6.896553,0% to <10%
LOTTERY_RAW,2026-09-09T14:00:37.962015+00:00,scheduler,DDFSC,DFSC,1.56,1.5099999904632568,-3.205129,-10% to 0%
LOTTERY_RAW,2026-09-09T14:00:37.962015+00:00,scheduler,HHPK,HPK,8.31,8.210000038146973,-1.203369,-10% to 0%
LOTTERY_RAW,2026-09-09T14:00:37.962015+00:00,scheduler,LLENZ,LENZ,5.31,4.909999847412109,-7.53296,-10% to 0%
LOTTERY_RAW,2026-09-09T14:00:37.962015+00:00,scheduler,BBETR,BETR,13.74,13.460000038146973,-2.037845,-10% to 0%
LOTTERY_RAW,2026-09-09T14:00:37.962015+00:00,scheduler,BBTDR,BTDR,12.69,12.329999923706055,-2.83688,-10% to 0%
LOTTERY_RAW,2026-09-09T14:00:37.962015+00:00,scheduler,GGRPN,GRPN,18.3,18.299999237060547,-4e-06,-10% to 0%
LOTTERY_RAW,2026-09-09T14:00:37.962015+00:00,scheduler,PPROK,PROK,1.93,1.850000023841858,-4.145076,-10% to 0%
LOTTERY_RAW,2026-09-09T14:00:37.962015+00:00,scheduler,SSVRA,SVRA,5.47,5.414999961853027,-1.005485,-10% to 0%
LOTTERY_RAW,2026-09-09T14:00:37.962015+00:00,scheduler,VVELO,VELO,11.59,10.90999984741211,-5.867128,-10% to 0%
LOTTERY_RAW,2026-09-09T14:00:37.962015+00:00,scheduler,RRXRX,RXRX,3.39,3.2149999141693115,-5.162244,-10% to 0%
LOTTERY_RAW,2026-09-09T14:00:37.962015+00:00,scheduler,SSHOE,SHOE,13.36,12.930000305175781,-3.218561,-10% to 0%
LOTTERY_RAW,2026-09-09T14:00:37.962015+00:00,scheduler,PPRME,PRME,3.5,3.4700000286102295,-0.857142,-10% to 0%
LOTTERY_RAW,2026-09-09T14:00:37.962015+00:00,scheduler,LLCID,LCID,4.54,4.269999980926514,-5.947137,-10% to 0%
LOTTERY_RAW,2026-09-09T14:00:37.962015+00:00,scheduler,BBRNX,BRNX,2.41,2.630000114440918,9.128635,0% to <10%
LOTTERY_RAW,2026-09-09T14:00:37.962015+00:00,scheduler,JJACK,JACK,14.85,14.779999732971191,-0.471382,-10% to 0%
LOTTERY_RAW,2026-09-09T14:00:37.962015+00:00,scheduler,OOFAL,OFAL,0.74,0.6873999834060669,-7.10811,-10% to 0%
LOTTERY_RAW,2026-09-09T14:00:37.962015+00:00,scheduler,XXRX,XRX,3.17,3.140000104904175,-0.946369,-10% to 0%
LOTTERY_RAW,2026-09-09T14:00:37.962015+00:00,scheduler,SSPRY,SPRY,5.35,5.230000019073486,-2.24299,-10% to 0%
LOTTERY_RAW,2026-09-09T14:00:37.962015+00:00,scheduler,IIEP,IEP,6.86,6.829999923706055,-0.437319,-10% to 0%
LOTTERY_RAW,2026-09-09T14:00:37.962015+00:00,scheduler,SSERV,SERV,4.83,4.65500020980835,-3.623184,-10% to 0%
LOTTERY_RAW,2026-09-09T14:00:37.962015+00:00,scheduler,BBOXL,BOXL,5.9,5.769999980926514,-2.20339,-10% to 0%
LOTTERY_RAW,2026-09-09T14:00:37.962015+00:00,scheduler,WWKHS,WKHS,3.1,3.0799999237060547,-0.645164,-10% to 0%
LOTTERY_RAW,2026-09-09T14:00:37.962015+00:00,scheduler,AAI,AI,10.33,10.380000114440918,0.484028,0% to <10%
LOTTERY_RAW,2026-09-09T14:00:37.962015+00:00,scheduler,CCAPR,CAPR,9.16,8.640000343322754,-5.676852,-10% to 0%
LOTTERY_RAW,2026-09-09T14:00:37.962015+00:00,scheduler,FFRGT,FRGT,1.03,0.9700000286102295,-5.82524,-10% to 0%
LOTTERY_RAW,2026-09-09T14:00:37.962015+00:00,scheduler,NNTLA,NTLA,12.65,12.210000038146973,-3.478261,-10% to 0%
LOTTERY_RAW,2026-09-09T14:00:37.962015+00:00,scheduler,GRAB,GRAB,3.09,3.0399999618530273,-1.618124,-10% to 0%
LOTTERY_RAW,2026-09-09T14:00:37.962015+00:00,scheduler,NOK,NOK,11.02,10.760000228881836,-2.359345,-10% to 0%
LOTTERY_RAW,2026-09-09T14:00:37.962015+00:00,scheduler,TSLL,TSLL,10.0101,9.850000381469727,-1.599381,-10% to 0%
LOTTERY_RAW,2026-09-09T14:00:37.962015+00:00,scheduler,ITUB,ITUB,8.16,8.079999923706055,-0.980393,-10% to 0%
LOTTERY_RAW,2026-09-09T14:00:37.962015+00:00,scheduler,SNXX,SNXX,18.47,17.850000381469727,-3.356793,-10% to 0%
LOTTERY_RAW,2026-09-09T14:00:37.962015+00:00,scheduler,DVLT,DVLT,0.2023,0.20600000023841858,1.828967,0% to <10%
LOTTERY_RAW,2026-09-09T14:00:37.962015+00:00,scheduler,GOSS,GOSS,0.1645,0.15970000624656677,-2.917929,-10% to 0%
LOTTERY_RAW,2026-09-09T14:00:37.962015+00:00,scheduler,CAN,CAN,0.3348,0.31619998812675476,-5.555559,-10% to 0%
LOTTERY_RAW,2026-09-09T14:00:37.962015+00:00,scheduler,VALE,VALE,15.63,15.4399995803833,-1.215614,-10% to 0%
LOTTERY_RAW,2026-09-09T14:00:37.962015+00:00,scheduler,PDSB,PDSB,0.3058,0.2930000126361847,-4.185738,-10% to 0%
LOTTERY_RAW,2026-09-09T14:00:37.962015+00:00,scheduler,LAC,LAC,3.165,3.190000057220459,0.789891,0% to <10%
LOTTERY_RAW,2026-09-09T14:00:37.962015+00:00,scheduler,GCDT,GCDT,0.6031,0.6383000016212463,5.836512,0% to <10%
LOTTERY_RAW,2026-09-09T14:00:37.962015+00:00,scheduler,SNDQ,SNDQ,10.9716,11.399999618530273,3.904623,0% to <10%
LOTTERY_RAW,2026-09-09T14:00:37.962015+00:00,scheduler,GPUS,GPUS,0.1961,0.2013999968767166,2.702701,0% to <10%
LOTTERY_RAW,2026-09-09T14:00:37.962015+00:00,scheduler,ETHA,ETHA,18.875,18.579999923706055,-1.562914,-10% to 0%
LOTTERY_RAW,2026-09-09T14:00:37.962015+00:00,scheduler,BITO,BITO,10.63,10.510000228881836,-1.128878,-10% to 0%
LOTTERY_RAW,2026-09-09T14:00:37.962015+00:00,scheduler,NIO,NIO,3.73,3.700000047683716,-0.804288,-10% to 0%
LOTTERY_RAW,2026-09-09T14:00:37.962015+00:00,scheduler,SNAP,SNAP,5.405,5.309999942779541,-1.757633,-10% to 0%
LOTTERY_RAW,2026-09-09T14:00:37.962015+00:00,scheduler,SPCH,SPCH,10.34,9.789999961853027,-5.319149,-10% to 0%
LOTTERY_RAW,2026-09-09T14:00:37.962015+00:00,scheduler,SMR,SMR,10.9191,10.8100004196167,-0.999163,-10% to 0%
LOTTERY_RAW,2026-09-09T14:00:37.962015+00:00,scheduler,PATH,PATH,14.0387,13.569999694824219,-3.33863,-10% to 0%
LOTTERY_RAW,2026-09-09T14:00:37.962015+00:00,scheduler,CONL,CONL,5.615,5.300000190734863,-5.60997,-10% to 0%
LOTTERY_RAW,2026-09-09T14:00:37.962015+00:00,scheduler,MSTZ,MSTZ,4.015,4.25,5.853051,0% to <10%
LOTTERY_RAW,2026-09-09T14:00:37.962015+00:00,scheduler,DAMD,DAMD,1.2982,1.309999942779541,0.908946,0% to <10%
LOTTERY_RAW,2026-09-09T14:00:37.962015+00:00,scheduler,GPRO,GPRO,1.425,1.4149999618530273,-0.701757,-10% to 0%
LOTTERY_RAW,2026-09-09T14:00:37.962015+00:00,scheduler,LASE,LASE,0.8967,0.8011999726295471,-10.650165,-20% to -10%
LOTTERY_RAW,2026-09-09T14:00:37.962015+00:00,scheduler,INDP,INDP,2.2445,2.0799999237060547,-7.32903,-10% to 0%
PHARMA_SHOCK,2026-09-09T14:00:37.962015+00:00,scheduler,RZLT,RZLT,4.285,4.059999942779541,-5.250876,-10% to 0%
PHARMA_SHOCK,2026-09-09T14:00:37.962015+00:00,scheduler,ROIV,ROIV,41.94,41.810001373291016,-0.309963,-10% to 0%
PHARMA_SHOCK,2026-09-09T14:00:37.962015+00:00,scheduler,ABT,ABT,106.06,105.2300033569336,-0.782573,-10% to 0%
PHARMA_SHOCK,2026-09-09T14:00:37.962015+00:00,scheduler,PYXS,PYXS,3.94,3.380000114440918,-14.213195,-20% to -10%
PHARMA_SHOCK,2026-09-09T14:00:37.962015+00:00,scheduler,CRVS,CRVS,13.7304,13.329999923706055,-2.916157,-10% to 0%
PHARMA_SHOCK,2026-09-09T14:00:37.962015+00:00,scheduler,PBYI,PBYI,9.41,9.050000190734863,-3.825715,-10% to 0%
CORE,2026-09-09T16:00:43.108772+00:00,scheduler,LDOS,LDOS,130.28,128.13999938964844,-1.642616,-10% to 0%
CORE,2026-09-09T16:00:43.108772+00:00,scheduler,DELL,DELL,543.9,535.25,-1.590366,-10% to 0%
CORE,2026-09-09T16:00:43.108772+00:00,scheduler,ALMU,ALMU,13.065,13.300000190734863,1.7987,0% to <10%
CORE,2026-09-09T16:00:43.108772+00:00,scheduler,INBX,INBX,123.035,112.86000061035156,-8.270004,-10% to 0%
CORE,2026-09-09T16:00:43.108772+00:00,scheduler,PLAY,PLAY,8.35,8.1899995803833,-1.916173,-10% to 0%
CORE,2026-09-09T16:00:43.108772+00:00,scheduler,CRML,CRML,7.095,7.070000171661377,-0.352358,-10% to 0%
CORE,2026-09-09T16:00:43.108772+00:00,scheduler,LOVE,LOVE,15.62,16.030000686645508,2.624844,0% to <10%
CORE,2026-09-09T16:00:43.108772+00:00,scheduler,SHOE,SHOE,13.23,12.930000305175781,-2.267571,-10% to 0%
CORE,2026-09-09T16:00:43.108772+00:00,scheduler,RH,RH,139.31,139.3699951171875,0.043066,0% to <10%
CORE,2026-09-09T16:00:43.108772+00:00,scheduler,PATH,PATH,13.565,13.569999694824219,0.036857,0% to <10%
CORE,2026-09-09T16:00:43.108772+00:00,scheduler,RR,RR,1.6799,1.6699999570846558,-0.589323,-10% to 0%
CORE,2026-09-09T16:00:43.108772+00:00,scheduler,SAIL,SAIL,17.83,17.579999923706055,-1.402132,-10% to 0%
CORE,2026-09-09T16:00:43.108772+00:00,scheduler,OXM,OXM,30.755,30.649999618530273,-0.341409,-10% to 0%
CORE,2026-09-09T16:00:43.108772+00:00,scheduler,MMED,MMED,22.71,22.760000228881836,0.220168,0% to <10%
CORE,2026-09-09T16:00:43.108772+00:00,scheduler,CPB,CPB,21.765,21.8799991607666,0.528367,0% to <10%
CORE,2026-09-09T16:00:43.108772+00:00,scheduler,AI,AI,10.28,10.380000114440918,0.972764,0% to <10%
CORE,2026-09-09T16:00:43.108772+00:00,scheduler,BAH,BAH,72.96,72.19999694824219,-1.041671,-10% to 0%
CORE,2026-09-09T16:00:43.108772+00:00,scheduler,FLWS,FLWS,3.51,3.490000009536743,-0.5698,-10% to 0%
CORE,2026-09-09T16:00:43.108772+00:00,scheduler,GIII,GIII,27.57,27.540000915527344,-0.108811,-10% to 0%
CORE,2026-09-09T16:00:43.108772+00:00,scheduler,UPXI,UPXI,1.01,1.034999966621399,2.475244,0% to <10%
CORE,2026-09-09T16:00:43.108772+00:00,scheduler,CHPT,CHPT,8.965,8.949999809265137,-0.167319,-10% to 0%
CORE,2026-09-09T16:00:43.108772+00:00,scheduler,ODD,ODD,15.65,16.479999542236328,5.303511,0% to <10%
CORE,2026-09-09T16:00:43.108772+00:00,scheduler,BRNX,BRNX,2.435,2.630000114440918,8.008218,0% to <10%
CORE,2026-09-09T16:00:43.108772+00:00,scheduler,FCEL,FCEL,16.72,16.56999969482422,-0.897131,-10% to 0%
CORE,2026-09-09T16:00:43.108772+00:00,scheduler,ASAN,ASAN,8.56,8.25,-3.621495,-10% to 0%
STRATEGY,2026-09-09T16:00:43.108772+00:00,scheduler,AAEHR,AEHR,99.39,95.55999755859375,-3.853509,-10% to 0%
STRATEGY,2026-09-09T16:00:43.108772+00:00,scheduler,AAGQ,AGQ,84.29,84.22000122070312,-0.083045,-10% to 0%
STRATEGY,2026-09-09T16:00:43.108772+00:00,scheduler,AAMBA,AMBA,68.48,68.80000305175781,0.467294,0% to <10%
STRATEGY,2026-09-09T16:00:43.108772+00:00,scheduler,AASO,ASO,47.91,51.150001525878906,6.762683,0% to <10%
STRATEGY,2026-09-09T16:00:43.108772+00:00,scheduler,AAXTX,AXTX,7.78,7.380000114440918,-5.141387,-10% to 0%
STRATEGY,2026-09-09T16:00:43.108772+00:00,scheduler,ADBE,ADBE,256.795,254.86000061035156,-0.753519,-10% to 0%
STRATEGY,2026-09-09T16:00:43.108772+00:00,scheduler,AI,AI,10.28,10.380000114440918,0.972764,0% to <10%
STRATEGY,2026-09-09T16:00:43.108772+00:00,scheduler,ALMU,ALMU,13.065,13.300000190734863,1.7987,0% to <10%
STRATEGY,2026-09-09T16:00:43.108772+00:00,scheduler,AMBA,AMBA,68.66,68.80000305175781,0.203908,0% to <10%
STRATEGY,2026-09-09T16:00:43.108772+00:00,scheduler,ASAN,ASAN,8.56,8.25,-3.621495,-10% to 0%
STRATEGY,2026-09-09T16:00:43.108772+00:00,scheduler,ASO,ASO,47.87,51.150001525878906,6.851894,0% to <10%
STRATEGY,2026-09-09T16:00:43.108772+00:00,scheduler,BBBJP,BBJP,78.42,78.25,-0.216781,-10% to 0%
STRATEGY,2026-09-09T16:00:43.108772+00:00,scheduler,BBJP,BBJP,78.405,78.25,-0.197691,-10% to 0%
STRATEGY,2026-09-09T16:00:43.108772+00:00,scheduler,BBOXX,BOXX,118.13,118.12999725341797,-2e-06,-10% to 0%
STRATEGY,2026-09-09T16:00:43.108772+00:00,scheduler,BOXX,BOXX,118.13,118.12999725341797,-2e-06,-10% to 0%
STRATEGY,2026-09-09T16:00:43.108772+00:00,scheduler,BRNX,BRNX,2.435,2.630000114440918,8.008218,0% to <10%
STRATEGY,2026-09-09T16:00:43.108772+00:00,scheduler,BRZE,BRZE,25.38,23.725000381469727,-6.520881,-10% to 0%
STRATEGY,2026-09-09T16:00:43.108772+00:00,scheduler,CAPR,CAPR,8.98,8.640000343322754,-3.786188,-10% to 0%
STRATEGY,2026-09-09T16:00:43.108772+00:00,scheduler,CASY,CASY,604.17,629.030029296875,4.114741,0% to <10%
STRATEGY,2026-09-09T16:00:43.108772+00:00,scheduler,CCHYM,CHYM,33.82,34.54999923706055,2.158484,0% to <10%
STRATEGY,2026-09-09T16:00:43.108772+00:00,scheduler,CHPT,CHPT,8.965,8.949999809265137,-0.167319,-10% to 0%
STRATEGY,2026-09-09T16:00:43.108772+00:00,scheduler,CHWY,CHWY,21.41,20.75,-3.082672,-10% to 0%
STRATEGY,2026-09-09T16:00:43.108772+00:00,scheduler,CNM,CNM,42.21,41.599998474121094,-1.445159,-10% to 0%
STRATEGY,2026-09-09T16:00:43.108772+00:00,scheduler,COO,COO,67.345,63.47999954223633,-5.739105,-10% to 0%
STRATEGY,2026-09-09T16:00:43.108772+00:00,scheduler,CPB,CPB,21.765,21.8799991607666,0.528367,0% to <10%
STRATEGY,2026-09-09T16:00:43.108772+00:00,scheduler,CPRT,CPRT,31.945,32.029998779296875,0.266079,0% to <10%
STRATEGY,2026-09-09T16:00:43.108772+00:00,scheduler,CRML,CRML,7.095,7.070000171661377,-0.352358,-10% to 0%
STRATEGY,2026-09-09T16:00:43.108772+00:00,scheduler,DDOG,DDOG,224.23,225.27000427246094,0.463811,0% to <10%
STRATEGY,2026-09-09T16:00:43.108772+00:00,scheduler,DDXD,DXD,17.27,17.229999542236328,-0.231618,-10% to 0%
STRATEGY,2026-09-09T16:00:43.108772+00:00,scheduler,DELL,DELL,543.9,535.25,-1.590366,-10% to 0%
STRATEGY,2026-09-09T16:00:43.108772+00:00,scheduler,DSGX,DSGX,73.9751,73.44000244140625,-0.723348,-10% to 0%
STRATEGY,2026-09-09T16:00:43.108772+00:00,scheduler,FBL,FBL,26.285,26.40999984741211,0.475556,0% to <10%
STRATEGY,2026-09-09T16:00:43.108772+00:00,scheduler,FCEL,FCEL,16.72,16.56999969482422,-0.897131,-10% to 0%
STRATEGY,2026-09-09T16:00:43.108772+00:00,scheduler,FFBL,FBL,26.33,26.40999984741211,0.303835,0% to <10%
STRATEGY,2026-09-09T16:00:43.108772+00:00,scheduler,FFLKR,FLKR,62.59,62.66999816894531,0.127813,0% to <10%
STRATEGY,2026-09-09T16:00:43.108772+00:00,scheduler,FFNV,FNV,266.86,265.42999267578125,-0.535864,-10% to 0%
STRATEGY,2026-09-09T16:00:43.108772+00:00,scheduler,FFSLY,FSLY,22.76,22.709999084472656,-0.219688,-10% to 0%
STRATEGY,2026-09-09T16:00:43.108772+00:00,scheduler,FLKR,FLKR,62.46,62.66999816894531,0.336212,0% to <10%
STRATEGY,2026-09-09T16:00:43.108772+00:00,scheduler,FLWS,FLWS,3.51,3.490000009536743,-0.5698,-10% to 0%
STRATEGY,2026-09-09T16:00:43.108772+00:00,scheduler,FNV,FNV,266.615,265.42999267578125,-0.444464,-10% to 0%
STRATEGY,2026-09-09T16:00:43.108772+00:00,scheduler,GGME,GGME,64.031,64.1447982788086,0.177724,0% to <10%
STRATEGY,2026-09-09T16:00:43.108772+00:00,scheduler,GIII,GIII,27.57,27.540000915527344,-0.108811,-10% to 0%
STRATEGY,2026-09-09T16:00:43.108772+00:00,scheduler,GME,GME,19.418,19.889999389648438,2.430731,0% to <10%
STRATEGY,2026-09-09T16:00:43.108772+00:00,scheduler,GME,GME,19.895,19.889999389648438,-0.025135,-10% to 0%
STRATEGY,2026-09-09T16:00:43.108772+00:00,scheduler,GPRO,GPRO,1.3902,1.4149999618530273,1.783913,0% to <10%
STRATEGY,2026-09-09T16:00:43.108772+00:00,scheduler,HOFT,HOFT,12.86,12.760000228881836,-0.777603,-10% to 0%
STRATEGY,2026-09-09T16:00:43.108772+00:00,scheduler,HTLM,HTLM,1.7,1.7000000476837158,3e-06,0% to <10%
STRATEGY,2026-09-09T16:00:43.108772+00:00,scheduler,IDEV,IDEV,91.935,91.83000183105469,-0.114209,-10% to 0%
STRATEGY,2026-09-09T16:00:43.108772+00:00,scheduler,IIDEV,IDEV,91.92,91.83000183105469,-0.097909,-10% to 0%
STRATEGY,2026-09-09T16:00:43.108772+00:00,scheduler,IIONL,IONL,11.8,11.789999961853027,-0.084746,-10% to 0%
STRATEGY,2026-09-09T16:00:43.108772+00:00,scheduler,IIONX,IONX,21.56,21.43000030517578,-0.602967,-10% to 0%
STRATEGY,2026-09-09T16:00:43.108772+00:00,scheduler,IIRD,IRD,5.7,5.730000019073486,0.526316,0% to <10%
STRATEGY,2026-09-09T16:00:43.108772+00:00,scheduler,IITUB,ITUB,8.13,8.079999923706055,-0.615007,-10% to 0%
STRATEGY,2026-09-09T16:00:43.108772+00:00,scheduler,INDP,INDP,2.215,2.0799999237060547,-6.094812,-10% to 0%
STRATEGY,2026-09-09T16:00:43.108772+00:00,scheduler,IRD,IRD,5.7088,5.730000019073486,0.371357,0% to <10%
STRATEGY,2026-09-09T16:00:43.108772+00:00,scheduler,KEN,KEN,70.61,69.2300033569336,-1.954393,-10% to 0%
STRATEGY,2026-09-09T16:00:43.108772+00:00,scheduler,KR,KR,57.35,56.439998626708984,-1.58675,-10% to 0%
STRATEGY,2026-09-09T16:00:43.108772+00:00,scheduler,KT,KT,19.72,19.739999771118164,0.101419,0% to <10%
STRATEGY,2026-09-09T16:00:43.108772+00:00,scheduler,LASE,LASE,0.8241,0.8011999726295471,-2.778792,-10% to 0%
STRATEGY,2026-09-09T16:00:43.108772+00:00,scheduler,LOVE,LOVE,15.62,16.030000686645508,2.624844,0% to <10%
STRATEGY,2026-09-09T16:00:43.108772+00:00,scheduler,METU,METU,25.49,25.540000915527344,0.196159,0% to <10%
STRATEGY,2026-09-09T16:00:43.108772+00:00,scheduler,MMED,MMED,22.71,22.760000228881836,0.220168,0% to <10%
STRATEGY,2026-09-09T16:00:43.108772+00:00,scheduler,MMETA,META,652.67,653.6900024414062,0.156281,0% to <10%
STRATEGY,2026-09-09T16:00:43.108772+00:00,scheduler,MMETU,METU,25.5,25.540000915527344,0.156866,0% to <10%
STRATEGY,2026-09-09T16:00:43.108772+00:00,scheduler,MMSTY,MSTY,15.27,15.130000114440918,-0.91683,-10% to 0%
STRATEGY,2026-09-09T16:00:43.108772+00:00,scheduler,MRK,MRK,148.99,147.52999877929688,-0.979932,-10% to 0%
STRATEGY,2026-09-09T16:00:43.108772+00:00,scheduler,MRNA,MRNA,133.32,135.61000061035156,1.717672,0% to <10%
STRATEGY,2026-09-09T16:00:43.108772+00:00,scheduler,NB,NB,4.13,4.039999961853027,-2.179178,-10% to 0%
STRATEGY,2026-09-09T16:00:43.108772+00:00,scheduler,NEOG,NEOG,11.95,11.920000076293945,-0.251045,-10% to 0%
STRATEGY,2026-09-09T16:00:43.108772+00:00,scheduler,NNEOG,NEOG,11.97,11.920000076293945,-0.41771,-10% to 0%
STRATEGY,2026-09-09T16:00:43.108772+00:00,scheduler,ODD,ODD,15.65,16.479999542236328,5.303511,0% to <10%
STRATEGY,2026-09-09T16:00:43.108772+00:00,scheduler,ODD,ODD,15.8401,16.479999542236328,4.039744,0% to <10%
STRATEGY,2026-09-09T16:00:43.108772+00:00,scheduler,OODD,ODD,15.76,16.479999542236328,4.568525,0% to <10%
STRATEGY,2026-09-09T16:00:43.108772+00:00,scheduler,ORCL,ORCL,161.44,161.6300048828125,0.117694,0% to <10%
STRATEGY,2026-09-09T16:00:43.108772+00:00,scheduler,OXM,OXM,30.755,30.649999618530273,-0.341409,-10% to 0%
STRATEGY,2026-09-09T16:00:43.108772+00:00,scheduler,PATH,PATH,13.565,13.569999694824219,0.036857,0% to <10%
STRATEGY,2026-09-09T16:00:43.108772+00:00,scheduler,PLAY,PLAY,8.35,8.1899995803833,-1.916173,-10% to 0%
STRATEGY,2026-09-09T16:00:43.108772+00:00,scheduler,RH,RH,139.31,139.3699951171875,0.043066,0% to <10%
STRATEGY,2026-09-09T16:00:43.108772+00:00,scheduler,RKLX,RKLX,14.91,14.489999771118164,-2.816903,-10% to 0%
STRATEGY,2026-09-09T16:00:43.108772+00:00,scheduler,RR,RR,1.6799,1.6699999570846558,-0.589323,-10% to 0%
STRATEGY,2026-09-09T16:00:43.108772+00:00,scheduler,RRKLX,RKLX,14.91,14.489999771118164,-2.816903,-10% to 0%
STRATEGY,2026-09-09T16:00:43.108772+00:00,scheduler,SAIL,SAIL,17.52,17.579999923706055,0.342465,0% to <10%
STRATEGY,2026-09-09T16:00:43.108772+00:00,scheduler,SAIL,SAIL,17.83,17.579999923706055,-1.402132,-10% to 0%
STRATEGY,2026-09-09T16:00:43.108772+00:00,scheduler,SHOE,SHOE,13.23,12.930000305175781,-2.267571,-10% to 0%
STRATEGY,2026-09-09T16:00:43.108772+00:00,scheduler,SIG,SIG,97.87,102.4800033569336,4.710333,0% to <10%
STRATEGY,2026-09-09T16:00:43.108772+00:00,scheduler,SSIG,SIG,97.9,102.4800033569336,4.678247,0% to <10%
STRATEGY,2026-09-09T16:00:43.108772+00:00,scheduler,SSL,SSL,14.63,14.579999923706055,-0.341764,-10% to 0%
STRATEGY,2026-09-09T16:00:43.108772+00:00,scheduler,SSSL,SSL,14.64,14.579999923706055,-0.409837,-10% to 0%
STRATEGY,2026-09-09T16:00:43.108772+00:00,scheduler,SSUNB,SUNB,77.0,73.41999816894531,-4.649353,-10% to 0%
STRATEGY,2026-09-09T16:00:43.108772+00:00,scheduler,SUNB,SUNB,76.0,73.41999816894531,-3.394739,-10% to 0%
STRATEGY,2026-09-09T16:00:43.108772+00:00,scheduler,SUNB,SUNB,76.9272,73.41999816894531,-4.559118,-10% to 0%
STRATEGY,2026-09-09T16:00:43.108772+00:00,scheduler,TH,TH,19.03,19.200000762939453,0.89333,0% to <10%
STRATEGY,2026-09-09T16:00:43.108772+00:00,scheduler,TTAN,TTAN,58.28,57.119998931884766,-1.990393,-10% to 0%
STRATEGY,2026-09-09T16:00:43.108772+00:00,scheduler,TTH,TH,19.03,19.200000762939453,0.89333,0% to <10%
STRATEGY,2026-09-09T16:00:43.108772+00:00,scheduler,TTMV,TMV,43.46,43.220001220703125,-0.552229,-10% to 0%
STRATEGY,2026-09-09T16:00:43.108772+00:00,scheduler,TTRMD,TRMD,35.74,35.459999084472656,-0.783438,-10% to 0%
STRATEGY,2026-09-09T16:00:43.108772+00:00,scheduler,TTWM,TWM,22.25,22.270000457763672,0.08989,0% to <10%
STRATEGY,2026-09-09T16:00:43.108772+00:00,scheduler,TWM,TWM,22.2363,22.270000457763672,0.151556,0% to <10%
STRATEGY,2026-09-09T16:00:43.108772+00:00,scheduler,UPXI,UPXI,1.01,1.034999966621399,2.475244,0% to <10%
STRATEGY,2026-09-09T16:00:43.108772+00:00,scheduler,VFS,VFS,3.08,3.059999942779541,-0.649353,-10% to 0%
STRATEGY,2026-09-09T16:00:43.108772+00:00,scheduler,VVALE,VALE,15.37,15.4399995803833,0.45543,0% to <10%
STRATEGY,2026-09-09T16:00:43.108772+00:00,scheduler,XP,XP,19.13,19.040000915527344,-0.47046,-10% to 0%
STRATEGY,2026-09-09T16:00:43.108772+00:00,scheduler,XXP,XP,19.12,19.040000915527344,-0.418405,-10% to 0%
LOTTERY_RAW,2026-09-09T16:00:43.108772+00:00,scheduler,CAPR,CAPR,8.98,8.640000343322754,-3.786188,-10% to 0%
LOTTERY_RAW,2026-09-09T16:00:43.108772+00:00,scheduler,MMGN,MGN,0.38,0.2757999897003174,-27.421055,Below -20%
LOTTERY_RAW,2026-09-09T16:00:43.108772+00:00,scheduler,SSUNE,SUNE,3.61,4.510000228881836,24.930754,20% to <30%
LOTTERY_RAW,2026-09-09T16:00:43.108772+00:00,scheduler,FFTFT,FTFT,2.39,2.0899999141693115,-12.552305,-20% to -10%
LOTTERY_RAW,2026-09-09T16:00:43.108772+00:00,scheduler,YYMAT,YMAT,1.89,2.2699999809265137,20.105819,20% to <30%
LOTTERY_RAW,2026-09-09T16:00:43.108772+00:00,scheduler,IIRD,IRD,5.69,5.730000019073486,0.702988,0% to <10%
LOTTERY_RAW,2026-09-09T16:00:43.108772+00:00,scheduler,RRML,RML,11.32,11.600000381469727,2.473502,0% to <10%
LOTTERY_RAW,2026-09-09T16:00:43.108772+00:00,scheduler,OOLB,OLB,0.34,0.33500000834465027,-1.470586,-10% to 0%
LOTTERY_RAW,2026-09-09T16:00:43.108772+00:00,scheduler,UUFG,UFG,0.68,0.7196000218391418,5.823533,0% to <10%
LOTTERY_RAW,2026-09-09T16:00:43.108772+00:00,scheduler,IINDP,INDP,2.17,2.0799999237060547,-4.147469,-10% to 0%
LOTTERY_RAW,2026-09-09T16:00:43.108772+00:00,scheduler,OODD,ODD,15.77,16.479999542236328,4.502217,0% to <10%
LOTTERY_RAW,2026-09-09T16:00:43.108772+00:00,scheduler,XXHLD,XHLD,10.8,10.510000228881836,-2.685183,-10% to 0%
LOTTERY_RAW,2026-09-09T16:00:43.108772+00:00,scheduler,BBIAF,BIAF,10.28,10.5,2.140078,0% to <10%
LOTTERY_RAW,2026-09-09T16:00:43.108772+00:00,scheduler,ONDS,ONDS,7.46,7.289999961853027,-2.278821,-10% to 0%
LOTTERY_RAW,2026-09-09T16:00:43.108772+00:00,scheduler,SOUN,SOUN,6.53,6.480000019073486,-0.765696,-10% to 0%
LOTTERY_RAW,2026-09-09T16:00:43.108772+00:00,scheduler,BTDR,BTDR,12.22,12.329999923706055,0.900163,0% to <10%
LOTTERY_RAW,2026-09-09T16:00:43.108772+00:00,scheduler,RXRX,RXRX,3.24,3.2149999141693115,-0.771608,-10% to 0%
LOTTERY_RAW,2026-09-09T16:00:43.108772+00:00,scheduler,LCID,LCID,4.33,4.269999980926514,-1.385682,-10% to 0%
LOTTERY_RAW,2026-09-09T16:00:43.108772+00:00,scheduler,FFAMI,FAMI,0.13,0.12999999523162842,-4e-06,-10% to 0%
LOTTERY_RAW,2026-09-09T16:00:43.108772+00:00,scheduler,ZZTG,ZTG,0.75,0.765999972820282,2.13333,0% to <10%
LOTTERY_RAW,2026-09-09T16:00:43.108772+00:00,scheduler,AARBE,ARBE,0.85,0.7939000129699707,-6.599998,-10% to 0%
LOTTERY_RAW,2026-09-09T16:00:43.108772+00:00,scheduler,SSGLY,SGLY,1.82,1.8899999856948853,3.846153,0% to <10%
LOTTERY_RAW,2026-09-09T16:00:43.108772+00:00,scheduler,CHRN,CHRN,18.87,18.18000030517578,-3.656596,-10% to 0%
LOTTERY_RAW,2026-09-09T16:00:43.108772+00:00,scheduler,BAOS,BAOS,0.32,0.33559998869895935,4.874996,0% to <10%
LOTTERY_RAW,2026-09-09T16:00:43.108772+00:00,scheduler,ZCMD,ZCMD,0.87,0.8809000253677368,1.252876,0% to <10%
LOTTERY_RAW,2026-09-09T16:00:43.108772+00:00,scheduler,MRLN,MRLN,3.13,3.140000104904175,0.319492,0% to <10%
LOTTERY_RAW,2026-09-09T16:00:43.108772+00:00,scheduler,FGI,FGI,7.35,7.730000019073486,5.170068,0% to <10%
LOTTERY_RAW,2026-09-09T16:00:43.108772+00:00,scheduler,WYFI,WYFI,19.72,19.309999465942383,-2.07911,-10% to 0%
LOTTERY_RAW,2026-09-09T16:00:43.108772+00:00,scheduler,BXBL,BXBL,4.3,4.360000133514404,1.395352,0% to <10%
LOTTERY_RAW,2026-09-09T16:00:43.108772+00:00,scheduler,KPTI,KPTI,1.68,1.690000057220459,0.595242,0% to <10%
LOTTERY_RAW,2026-09-09T16:00:43.108772+00:00,scheduler,FRMM,FRMM,4.76,4.619999885559082,-2.941179,-10% to 0%
LOTTERY_RAW,2026-09-09T16:00:43.108772+00:00,scheduler,AKAN,AKAN,3.24,3.25,0.308642,0% to <10%
LOTTERY_RAW,2026-09-09T16:00:43.108772+00:00,scheduler,PLCE,PLCE,2.64,2.5399999618530273,-3.78788,-10% to 0%
LOTTERY_RAW,2026-09-09T16:00:43.108772+00:00,scheduler,HQ,HQ,15.74,16.06999969482422,2.096567,0% to <10%
LOTTERY_RAW,2026-09-09T16:00:43.108772+00:00,scheduler,HWH,HWH,1.8,1.8600000143051147,3.333334,0% to <10%
LOTTERY_RAW,2026-09-09T16:00:43.108772+00:00,scheduler,DFSC,DFSC,1.53,1.5099999904632568,-1.30719,-10% to 0%
LOTTERY_RAW,2026-09-09T16:00:43.108772+00:00,scheduler,HPK,HPK,8.3,8.210000038146973,-1.084337,-10% to 0%
LOTTERY_RAW,2026-09-09T16:00:43.108772+00:00,scheduler,LENZ,LENZ,5.11,4.909999847412109,-3.913897,-10% to 0%
LOTTERY_RAW,2026-09-09T16:00:43.108772+00:00,scheduler,BETR,BETR,13.57,13.460000038146973,-0.810611,-10% to 0%
LOTTERY_RAW,2026-09-09T16:00:43.108772+00:00,scheduler,GRPN,GRPN,18.07,18.299999237060547,1.272824,0% to <10%
LOTTERY_RAW,2026-09-09T16:00:43.108772+00:00,scheduler,PROK,PROK,1.86,1.850000023841858,-0.537633,-10% to 0%
LOTTERY_RAW,2026-09-09T16:00:43.108772+00:00,scheduler,SVRA,SVRA,5.39,5.414999961853027,0.463821,0% to <10%
LOTTERY_RAW,2026-09-09T16:00:43.108772+00:00,scheduler,VELO,VELO,11.01,10.90999984741211,-0.908267,-10% to 0%
LOTTERY_RAW,2026-09-09T16:00:43.108772+00:00,scheduler,SHOE,SHOE,13.22,12.930000305175781,-2.193644,-10% to 0%
LOTTERY_RAW,2026-09-09T16:00:43.108772+00:00,scheduler,PRME,PRME,3.35,3.4700000286102295,3.58209,0% to <10%
LOTTERY_RAW,2026-09-09T16:00:43.108772+00:00,scheduler,BRNX,BRNX,2.41,2.630000114440918,9.128635,0% to <10%
LOTTERY_RAW,2026-09-09T16:00:43.108772+00:00,scheduler,JACK,JACK,14.85,14.779999732971191,-0.471382,-10% to 0%
LOTTERY_RAW,2026-09-09T16:00:43.108772+00:00,scheduler,VIVO,VIVO,4.17,4.150000095367432,-0.479614,-10% to 0%
LOTTERY_RAW,2026-09-09T16:00:43.108772+00:00,scheduler,OFAL,OFAL,0.71,0.6873999834060669,-3.183101,-10% to 0%
LOTTERY_RAW,2026-09-09T16:00:43.108772+00:00,scheduler,XRX,XRX,3.1,3.140000104904175,1.290326,0% to <10%
LOTTERY_RAW,2026-09-09T16:00:43.108772+00:00,scheduler,SPRY,SPRY,5.3,5.230000019073486,-1.320754,-10% to 0%
LOTTERY_RAW,2026-09-09T16:00:43.108772+00:00,scheduler,IEP,IEP,6.84,6.829999923706055,-0.1462,-10% to 0%
LOTTERY_RAW,2026-09-09T16:00:43.108772+00:00,scheduler,SERV,SERV,4.65,4.65500020980835,0.107531,0% to <10%
LOTTERY_RAW,2026-09-09T16:00:43.108772+00:00,scheduler,BOXL,BOXL,5.74,5.769999980926514,0.522648,0% to <10%
LOTTERY_RAW,2026-09-09T16:00:43.108772+00:00,scheduler,WKHS,WKHS,3.11,3.0799999237060547,-0.964633,-10% to 0%
LOTTERY_RAW,2026-09-09T16:00:43.108772+00:00,scheduler,AI,AI,10.29,10.380000114440918,0.874637,0% to <10%
LOTTERY_RAW,2026-09-09T16:00:43.108772+00:00,scheduler,AAGRZ,AGRZ,0.24,0.2506999969482422,4.458332,0% to <10%
LOTTERY_RAW,2026-09-09T16:00:43.108772+00:00,scheduler,AACCL,ACCL,2.85,3.0999999046325684,8.771926,0% to <10%
LOTTERY_RAW,2026-09-09T16:00:43.108772+00:00,scheduler,PPULM,PULM,1.58,1.4800000190734863,-6.329113,-10% to 0%
LOTTERY_RAW,2026-09-09T16:00:43.108772+00:00,scheduler,OONDS,ONDS,7.46,7.289999961853027,-2.278821,-10% to 0%
LOTTERY_RAW,2026-09-09T16:00:43.108772+00:00,scheduler,HHPAI,HPAI,0.33,0.29919999837875366,-9.333334,-10% to 0%
LOTTERY_RAW,2026-09-09T16:00:43.108772+00:00,scheduler,DDPU,DPU,2.03,2.049999952316284,0.985219,0% to <10%
LOTTERY_RAW,2026-09-09T16:00:43.108772+00:00,scheduler,FFGL,FGL,6.32,6.789999961853027,7.436708,0% to <10%
LOTTERY_RAW,2026-09-09T16:00:43.108772+00:00,scheduler,SSDA,SDA,0.47,0.6000000238418579,27.65958,20% to <30%
LOTTERY_RAW,2026-09-09T16:00:43.108772+00:00,scheduler,TTNON,TNON,3.41,2.440000057220459,-28.445746,Below -20%
LOTTERY_RAW,2026-09-09T16:00:43.108772+00:00,scheduler,SSOUN,SOUN,6.53,6.480000019073486,-0.765696,-10% to 0%
LOTTERY_RAW,2026-09-09T16:00:43.108772+00:00,scheduler,BBTDR,BTDR,12.22,12.329999923706055,0.900163,0% to <10%
LOTTERY_RAW,2026-09-09T16:00:43.108772+00:00,scheduler,RRXRX,RXRX,3.24,3.2149999141693115,-0.771608,-10% to 0%
LOTTERY_RAW,2026-09-09T16:00:43.108772+00:00,scheduler,LLCID,LCID,4.33,4.269999980926514,-1.385682,-10% to 0%
LOTTERY_RAW,2026-09-09T16:00:43.108772+00:00,scheduler,YYQ,YQ,4.04,4.570000171661377,13.118816,10% to <20%
LOTTERY_RAW,2026-09-09T16:00:43.108772+00:00,scheduler,GGRAB,GRAB,3.0,3.0399999618530273,1.333332,0% to <10%
LOTTERY_RAW,2026-09-09T16:00:43.108772+00:00,scheduler,NNOK,NOK,10.89,10.760000228881836,-1.193754,-10% to 0%
LOTTERY_RAW,2026-09-09T16:00:43.108772+00:00,scheduler,BBITO,BITO,10.56,10.510000228881836,-0.473483,-10% to 0%
LOTTERY_RAW,2026-09-09T16:00:43.108772+00:00,scheduler,SSNXX,SSNXX,17.89,1.0,-94.410285,Below -20%
LOTTERY_RAW,2026-09-09T16:00:43.108772+00:00,scheduler,VVVOS,VVOS,0.18,0.17020000517368317,-5.444442,-10% to 0%
LOTTERY_RAW,2026-09-09T16:00:43.108772+00:00,scheduler,TTSLL,TSLL,10.0,9.850000381469727,-1.499996,-10% to 0%
LOTTERY_RAW,2026-09-09T16:00:43.108772+00:00,scheduler,NNVD,NVD,3.8,3.809999942779541,0.263156,0% to <10%
LOTTERY_RAW,2026-09-09T16:00:43.108772+00:00,scheduler,VVALE,VALE,15.36,15.4399995803833,0.520831,0% to <10%
LOTTERY_RAW,2026-09-09T16:00:43.108772+00:00,scheduler,PPLUG,PLUG,2.17,2.1700000762939453,4e-06,0% to <10%
LOTTERY_RAW,2026-09-09T16:00:43.108772+00:00,scheduler,NNU,NU,15.13,15.0,-0.85922,-10% to 0%
LOTTERY_RAW,2026-09-09T16:00:43.108772+00:00,scheduler,GGPRO,GPRO,1.39,1.4149999618530273,1.798558,0% to <10%
LOTTERY_RAW,2026-09-09T16:00:43.108772+00:00,scheduler,TTSLG,TSLG,4.96,4.889999866485596,-1.411293,-10% to 0%
LOTTERY_RAW,2026-09-09T16:00:43.108772+00:00,scheduler,IITUB,ITUB,8.13,8.079999923706055,-0.615007,-10% to 0%
LOTTERY_RAW,2026-09-09T16:00:43.108772+00:00,scheduler,DDVLT,DVLT,0.2,0.20600000023841858,3.0,0% to <10%
LOTTERY_RAW,2026-09-09T16:00:43.108772+00:00,scheduler,PPCG,PCG,14.34,14.1899995803833,-1.046028,-10% to 0%
LOTTERY_RAW,2026-09-09T16:00:43.108772+00:00,scheduler,SSNDQ,SNDQ,11.35,11.399999618530273,0.440525,0% to <10%
LOTTERY_RAW,2026-09-09T16:00:43.108772+00:00,scheduler,NNIO,NIO,3.68,3.700000047683716,0.54348,0% to <10%
LOTTERY_RAW,2026-09-09T16:00:43.108772+00:00,scheduler,CCYPH,CYPH,2.67,2.450000047683716,-8.239699,-10% to 0%
LOTTERY_RAW,2026-09-09T16:00:43.108772+00:00,scheduler,EETHA,ETHA,18.78,18.579999923706055,-1.064963,-10% to 0%
LOTTERY_RAW,2026-09-09T16:00:43.108772+00:00,scheduler,PPATH,PATH,13.55,13.569999694824219,0.147599,0% to <10%
LOTTERY_RAW,2026-09-09T16:00:43.108772+00:00,scheduler,LLASE,LASE,0.83,0.8011999726295471,-3.469883,-10% to 0%
LOTTERY_RAW,2026-09-09T16:00:43.108772+00:00,scheduler,SSOFI,SOFI,17.43,17.329999923706055,-0.573724,-10% to 0%
LOTTERY_RAW,2026-09-09T16:00:43.108772+00:00,scheduler,CCIFR,CIFR,17.31,16.899999618530273,-2.368575,-10% to 0%
LOTTERY_RAW,2026-09-09T16:00:43.108772+00:00,scheduler,MMIMI,MIMI,0.93,0.9401999711990356,1.096771,0% to <10%
LOTTERY_RAW,2026-09-09T16:00:43.108772+00:00,scheduler,AAAL,AAL,12.93,12.9399995803833,0.077336,0% to <10%
LOTTERY_RAW,2026-09-09T16:00:43.108772+00:00,scheduler,MMARA,MARA,11.8,11.920000076293945,1.01695,0% to <10%
LOTTERY_RAW,2026-09-09T16:00:43.108772+00:00,scheduler,GGPUS,GPUS,0.19,0.2013999968767166,5.999998,0% to <10%
LOTTERY_RAW,2026-09-09T16:00:43.108772+00:00,scheduler,XXP,XP,19.1,19.040000915527344,-0.314131,-10% to 0%
LOTTERY_RAW,2026-09-09T16:00:43.108772+00:00,scheduler,OLB,OLB,0.3407,0.33500000834465027,-1.673024,-10% to 0%
LOTTERY_RAW,2026-09-09T16:00:43.108772+00:00,scheduler,MGN,MGN,0.3791,0.2757999897003174,-27.24875,Below -20%
LOTTERY_RAW,2026-09-09T16:00:43.108772+00:00,scheduler,AGRZ,AGRZ,0.241,0.2506999969482422,4.024895,0% to <10%
LOTTERY_RAW,2026-09-09T16:00:43.108772+00:00,scheduler,FAMI,FAMI,0.1312,0.12999999523162842,-0.914638,-10% to 0%
LOTTERY_RAW,2026-09-09T16:00:43.108772+00:00,scheduler,UFG,UFG,0.6822,0.7196000218391418,5.482266,0% to <10%
LOTTERY_RAW,2026-09-09T16:00:43.108772+00:00,scheduler,SUNE,SUNE,3.62,4.510000228881836,24.585642,20% to <30%
LOTTERY_RAW,2026-09-09T16:00:43.108772+00:00,scheduler,IRD,IRD,5.675,5.730000019073486,0.969163,0% to <10%
LOTTERY_RAW,2026-09-09T16:00:43.108772+00:00,scheduler,FTFT,FTFT,2.4209,2.0899999141693115,-13.668474,-20% to -10%
LOTTERY_RAW,2026-09-09T16:00:43.108772+00:00,scheduler,YMAT,YMAT,1.875,2.2699999809265137,21.066666,20% to <30%
LOTTERY_RAW,2026-09-09T16:00:43.108772+00:00,scheduler,HPAI,HPAI,0.3289,0.29919999837875366,-9.030101,-10% to 0%
LOTTERY_RAW,2026-09-09T16:00:43.108772+00:00,scheduler,ZTG,ZTG,0.7493,0.765999972820282,2.228743,0% to <10%
LOTTERY_RAW,2026-09-09T16:00:43.108772+00:00,scheduler,UUAC,UAC,9.98,9.960000038146973,-0.2004,-10% to 0%
LOTTERY_RAW,2026-09-09T16:00:43.108772+00:00,scheduler,SSAC,SSAC,10.11,10.09000015258789,-0.197822,-10% to 0%
LOTTERY_RAW,2026-09-09T16:00:43.108772+00:00,scheduler,XXRMI,XRMI,17.3,17.308300018310547,0.047977,0% to <10%
LOTTERY_RAW,2026-09-09T16:00:43.108772+00:00,scheduler,HHACQ,HACQ,10.07,10.079999923706055,0.099304,0% to <10%
LOTTERY_RAW,2026-09-09T16:00:43.108772+00:00,scheduler,SSFWL,SFWL,10.74,10.90999984741211,1.582866,0% to <10%
LOTTERY_RAW,2026-09-09T16:00:43.108772+00:00,scheduler,RML,RML,11.26,11.600000381469727,3.019542,0% to <10%
LOTTERY_RAW,2026-09-09T16:00:43.108772+00:00,scheduler,DPU,DPU,2.02,2.049999952316284,1.485146,0% to <10%
LOTTERY_RAW,2026-09-09T16:00:43.108772+00:00,scheduler,FGL,FGL,6.2595,6.789999961853027,8.475117,0% to <10%
LOTTERY_RAW,2026-09-09T16:00:43.108772+00:00,scheduler,UAC,UAC,9.98,9.960000038146973,-0.2004,-10% to 0%
LOTTERY_RAW,2026-09-09T16:00:43.108772+00:00,scheduler,ACCL,ACCL,2.8471,3.0999999046325684,8.882719,0% to <10%
LOTTERY_RAW,2026-09-09T16:00:43.108772+00:00,scheduler,SDA,SDA,0.4702,0.6000000238418579,27.605279,20% to <30%
LOTTERY_RAW,2026-09-09T16:00:43.108772+00:00,scheduler,SAC,SAC,10.11,10.109999656677246,-3e-06,-10% to 0%
LOTTERY_RAW,2026-09-09T16:00:43.108772+00:00,scheduler,XRMI,XRMI,17.28,17.308300018310547,0.163773,0% to <10%
LOTTERY_RAW,2026-09-09T16:00:43.108772+00:00,scheduler,HACQ,HACQ,10.08,10.079999923706055,-1e-06,-10% to 0%
LOTTERY_RAW,2026-09-09T16:00:43.108772+00:00,scheduler,SFWL,SFWL,10.52,10.90999984741211,3.707223,0% to <10%
LOTTERY_RAW,2026-09-09T16:00:43.108772+00:00,scheduler,YQ,YQ,4.04,4.570000171661377,13.118816,10% to <20%
LOTTERY_RAW,2026-09-09T16:00:43.108772+00:00,scheduler,GGRAG,GRAG,4.14,4.240499973297119,2.427536,0% to <10%
LOTTERY_RAW,2026-09-09T16:00:43.108772+00:00,scheduler,RREGS,REGS,11.47,11.449999809265137,-0.17437,-10% to 0%
LOTTERY_RAW,2026-09-09T16:00:43.108772+00:00,scheduler,OOGSP,OGSP,9.98,9.949999809265137,-0.300603,-10% to 0%
LOTTERY_RAW,2026-09-09T16:00:43.108772+00:00,scheduler,KKJD,KJD,14.87,14.977499961853027,0.722932,0% to <10%
LOTTERY_RAW,2026-09-09T16:00:43.108772+00:00,scheduler,FFCRS,FCRS,10.25,10.25,0.0,0% to <10%
LOTTERY_RAW,2026-09-09T16:00:43.108772+00:00,scheduler,HHFSP,HFSP,12.86,13.300000190734863,3.421463,0% to <10%
LOTTERY_RAW,2026-09-09T16:00:43.108772+00:00,scheduler,SSCII,SCII,10.19,10.119999885559082,-0.686949,-10% to 0%
LOTTERY_RAW,2026-09-09T16:00:43.108772+00:00,scheduler,MMESH,MESH,10.1,10.098199844360352,-0.017823,-10% to 0%
LOTTERY_RAW,2026-09-09T16:00:43.108772+00:00,scheduler,AAVAZ,AVAZ,10.43,10.32040023803711,-1.050813,-10% to 0%
LOTTERY_RAW,2026-09-09T16:00:43.108772+00:00,scheduler,CCRUC,CRUC,11.27,11.70989990234375,3.903282,0% to <10%
LOTTERY_RAW,2026-09-09T16:00:43.108772+00:00,scheduler,FFIAX,FFIAX,17.24,10.119999885559082,-41.299305,Below -20%
LOTTERY_RAW,2026-09-09T16:00:43.108772+00:00,scheduler,PPDDL,PDDL,11.1,11.100600242614746,0.005408,0% to <10%
LOTTERY_RAW,2026-09-09T16:00:43.108772+00:00,scheduler,DDSAC,DSAC,10.2,10.1899995803833,-0.098043,-10% to 0%
LOTTERY_RAW,2026-09-09T16:00:43.108772+00:00,scheduler,IIPFX,IPFX,10.06,10.0600004196167,4e-06,0% to <10%
LOTTERY_RAW,2026-09-09T16:00:43.108772+00:00,scheduler,GRAG,GRAG,4.14,4.240499973297119,2.427536,0% to <10%
LOTTERY_RAW,2026-09-09T16:00:43.108772+00:00,scheduler,REGS,REGS,11.48,11.449999809265137,-0.261326,-10% to 0%
LOTTERY_RAW,2026-09-09T16:00:43.108772+00:00,scheduler,OGSP,OGSP,9.97,9.949999809265137,-0.200604,-10% to 0%
LOTTERY_RAW,2026-09-09T16:00:43.108772+00:00,scheduler,KJD,KJD,14.8699,14.977499961853027,0.723609,0% to <10%
LOTTERY_RAW,2026-09-09T16:00:43.108772+00:00,scheduler,FCRS,FCRS,10.24,10.25,0.097656,0% to <10%
LOTTERY_RAW,2026-09-09T16:00:43.108772+00:00,scheduler,HFSP,HFSP,16.57,13.300000190734863,-19.734459,-20% to -10%
LOTTERY_RAW,2026-09-09T16:00:43.108772+00:00,scheduler,SCII,SCII,10.12,10.119999885559082,-1e-06,-10% to 0%
LOTTERY_RAW,2026-09-09T16:00:43.108772+00:00,scheduler,MESH,MESH,10.1,10.098199844360352,-0.017823,-10% to 0%
LOTTERY_RAW,2026-09-09T16:00:43.108772+00:00,scheduler,TNON,TNON,3.4106,2.440000057220459,-28.458334,Below -20%
LOTTERY_RAW,2026-09-09T16:00:43.108772+00:00,scheduler,AVAZ,AVAZ,10.25,10.32040023803711,0.686832,0% to <10%
LOTTERY_RAW,2026-09-09T16:00:43.108772+00:00,scheduler,ODD,ODD,15.745,16.479999542236328,4.668146,0% to <10%
LOTTERY_RAW,2026-09-09T16:00:43.108772+00:00,scheduler,CRUC,CRUC,11.36,11.70989990234375,3.080105,0% to <10%
LOTTERY_RAW,2026-09-09T16:00:43.108772+00:00,scheduler,FIAX,FIAX,17.26,17.2450008392334,-0.086901,-10% to 0%
LOTTERY_RAW,2026-09-09T16:00:43.108772+00:00,scheduler,PDDL,PDDL,11.1,11.100600242614746,0.005408,0% to <10%
LOTTERY_RAW,2026-09-09T16:00:43.108772+00:00,scheduler,DSAC,DSAC,10.2,10.1899995803833,-0.098043,-10% to 0%
LOTTERY_RAW,2026-09-09T16:00:43.108772+00:00,scheduler,PULM,PULM,1.6199,1.4800000190734863,-8.636334,-10% to 0%
LOTTERY_RAW,2026-09-09T16:00:43.108772+00:00,scheduler,IPFX,IPFX,10.059,10.0600004196167,0.009946,0% to <10%
LOTTERY_RAW,2026-09-09T16:00:43.108772+00:00,scheduler,CCHRN,CHRN,18.87,18.18000030517578,-3.656596,-10% to 0%
LOTTERY_RAW,2026-09-09T16:00:43.108772+00:00,scheduler,BBAOS,BAOS,0.32,0.33559998869895935,4.874996,0% to <10%
LOTTERY_RAW,2026-09-09T16:00:43.108772+00:00,scheduler,ZZCMD,ZCMD,0.87,0.8809000253677368,1.252876,0% to <10%
LOTTERY_RAW,2026-09-09T16:00:43.108772+00:00,scheduler,MMRLN,MRLN,3.13,3.140000104904175,0.319492,0% to <10%
LOTTERY_RAW,2026-09-09T16:00:43.108772+00:00,scheduler,FFGI,FGI,7.35,7.730000019073486,5.170068,0% to <10%
LOTTERY_RAW,2026-09-09T16:00:43.108772+00:00,scheduler,WWYFI,WYFI,19.72,19.309999465942383,-2.07911,-10% to 0%
LOTTERY_RAW,2026-09-09T16:00:43.108772+00:00,scheduler,BBXBL,BXBL,4.3,4.360000133514404,1.395352,0% to <10%
LOTTERY_RAW,2026-09-09T16:00:43.108772+00:00,scheduler,KKPTI,KPTI,1.68,1.690000057220459,0.595242,0% to <10%
LOTTERY_RAW,2026-09-09T16:00:43.108772+00:00,scheduler,FFRMM,FRMM,4.76,4.619999885559082,-2.941179,-10% to 0%
LOTTERY_RAW,2026-09-09T16:00:43.108772+00:00,scheduler,AAKAN,AKAN,3.24,3.25,0.308642,0% to <10%
LOTTERY_RAW,2026-09-09T16:00:43.108772+00:00,scheduler,PPLCE,PLCE,2.64,2.5399999618530273,-3.78788,-10% to 0%
LOTTERY_RAW,2026-09-09T16:00:43.108772+00:00,scheduler,HHQ,HQ,15.74,16.06999969482422,2.096567,0% to <10%
LOTTERY_RAW,2026-09-09T16:00:43.108772+00:00,scheduler,HHWH,HWH,1.8,1.8600000143051147,3.333334,0% to <10%
LOTTERY_RAW,2026-09-09T16:00:43.108772+00:00,scheduler,DDFSC,DFSC,1.53,1.5099999904632568,-1.30719,-10% to 0%
LOTTERY_RAW,2026-09-09T16:00:43.108772+00:00,scheduler,HHPK,HPK,8.3,8.210000038146973,-1.084337,-10% to 0%
LOTTERY_RAW,2026-09-09T16:00:43.108772+00:00,scheduler,LLENZ,LENZ,5.11,4.909999847412109,-3.913897,-10% to 0%
LOTTERY_RAW,2026-09-09T16:00:43.108772+00:00,scheduler,BBETR,BETR,13.57,13.460000038146973,-0.810611,-10% to 0%
LOTTERY_RAW,2026-09-09T16:00:43.108772+00:00,scheduler,GGRPN,GRPN,18.07,18.299999237060547,1.272824,0% to <10%
LOTTERY_RAW,2026-09-09T16:00:43.108772+00:00,scheduler,PPROK,PROK,1.86,1.850000023841858,-0.537633,-10% to 0%
LOTTERY_RAW,2026-09-09T16:00:43.108772+00:00,scheduler,SSVRA,SVRA,5.39,5.414999961853027,0.463821,0% to <10%
LOTTERY_RAW,2026-09-09T16:00:43.108772+00:00,scheduler,VVELO,VELO,11.01,10.90999984741211,-0.908267,-10% to 0%
LOTTERY_RAW,2026-09-09T16:00:43.108772+00:00,scheduler,SSHOE,SHOE,13.22,12.930000305175781,-2.193644,-10% to 0%
LOTTERY_RAW,2026-09-09T16:00:43.108772+00:00,scheduler,PPRME,PRME,3.35,3.4700000286102295,3.58209,0% to <10%
LOTTERY_RAW,2026-09-09T16:00:43.108772+00:00,scheduler,BBRNX,BRNX,2.41,2.630000114440918,9.128635,0% to <10%
LOTTERY_RAW,2026-09-09T16:00:43.108772+00:00,scheduler,JJACK,JACK,14.85,14.779999732971191,-0.471382,-10% to 0%
LOTTERY_RAW,2026-09-09T16:00:43.108772+00:00,scheduler,VVIVO,VIVO,4.17,4.150000095367432,-0.479614,-10% to 0%
LOTTERY_RAW,2026-09-09T16:00:43.108772+00:00,scheduler,OOFAL,OFAL,0.71,0.6873999834060669,-3.183101,-10% to 0%
LOTTERY_RAW,2026-09-09T16:00:43.108772+00:00,scheduler,XXRX,XRX,3.1,3.140000104904175,1.290326,0% to <10%
LOTTERY_RAW,2026-09-09T16:00:43.108772+00:00,scheduler,SSPRY,SPRY,5.3,5.230000019073486,-1.320754,-10% to 0%
LOTTERY_RAW,2026-09-09T16:00:43.108772+00:00,scheduler,IIEP,IEP,6.84,6.829999923706055,-0.1462,-10% to 0%
LOTTERY_RAW,2026-09-09T16:00:43.108772+00:00,scheduler,SSERV,SERV,4.65,4.65500020980835,0.107531,0% to <10%
LOTTERY_RAW,2026-09-09T16:00:43.108772+00:00,scheduler,BBOXL,BOXL,5.74,5.769999980926514,0.522648,0% to <10%
LOTTERY_RAW,2026-09-09T16:00:43.108772+00:00,scheduler,WWKHS,WKHS,3.11,3.0799999237060547,-0.964633,-10% to 0%
LOTTERY_RAW,2026-09-09T16:00:43.108772+00:00,scheduler,AAI,AI,10.29,10.380000114440918,0.874637,0% to <10%
LOTTERY_RAW,2026-09-09T16:00:43.108772+00:00,scheduler,CCAPR,CAPR,8.98,8.640000343322754,-3.786188,-10% to 0%
LOTTERY_RAW,2026-09-09T16:00:43.108772+00:00,scheduler,GRAB,GRAB,3.005,3.0399999618530273,1.164724,0% to <10%
LOTTERY_RAW,2026-09-09T16:00:43.108772+00:00,scheduler,NOK,NOK,10.885,10.760000228881836,-1.148367,-10% to 0%
LOTTERY_RAW,2026-09-09T16:00:43.108772+00:00,scheduler,BITO,BITO,10.56,10.510000228881836,-0.473483,-10% to 0%
LOTTERY_RAW,2026-09-09T16:00:43.108772+00:00,scheduler,SNXX,SNXX,17.885,17.850000381469727,-0.195693,-10% to 0%
LOTTERY_RAW,2026-09-09T16:00:43.108772+00:00,scheduler,VVOS,VVOS,0.1837,0.17020000517368317,-7.348936,-10% to 0%
LOTTERY_RAW,2026-09-09T16:00:43.108772+00:00,scheduler,TSLL,TSLL,9.995,9.850000381469727,-1.450722,-10% to 0%
LOTTERY_RAW,2026-09-09T16:00:43.108772+00:00,scheduler,NVD,NVD,3.79,3.809999942779541,0.527703,0% to <10%
LOTTERY_RAW,2026-09-09T16:00:43.108772+00:00,scheduler,VALE,VALE,15.365,15.4399995803833,0.48812,0% to <10%
LOTTERY_RAW,2026-09-09T16:00:43.108772+00:00,scheduler,PLUG,PLUG,2.1685,2.1700000762939453,0.069176,0% to <10%
LOTTERY_RAW,2026-09-09T16:00:43.108772+00:00,scheduler,NU,NU,15.135,15.0,-0.891972,-10% to 0%
LOTTERY_RAW,2026-09-09T16:00:43.108772+00:00,scheduler,TSLG,TSLG,4.9792,4.889999866485596,-1.791455,-10% to 0%
LOTTERY_RAW,2026-09-09T16:00:43.108772+00:00,scheduler,ITUB,ITUB,8.1302,8.079999923706055,-0.617452,-10% to 0%
LOTTERY_RAW,2026-09-09T16:00:43.108772+00:00,scheduler,DVLT,DVLT,0.2025,0.20600000023841858,1.728395,0% to <10%
LOTTERY_RAW,2026-09-09T16:00:43.108772+00:00,scheduler,PCG,PCG,14.345,14.1899995803833,-1.080519,-10% to 0%
LOTTERY_RAW,2026-09-09T16:00:43.108772+00:00,scheduler,SNDQ,SNDQ,11.36,11.399999618530273,0.352109,0% to <10%
LOTTERY_RAW,2026-09-09T16:00:43.108772+00:00,scheduler,NIO,NIO,3.6864,3.700000047683716,0.368925,0% to <10%
LOTTERY_RAW,2026-09-09T16:00:43.108772+00:00,scheduler,CYPH,CYPH,2.66,2.450000047683716,-7.894735,-10% to 0%
LOTTERY_RAW,2026-09-09T16:00:43.108772+00:00,scheduler,ETHA,ETHA,18.7801,18.579999923706055,-1.06549,-10% to 0%
LOTTERY_RAW,2026-09-09T16:00:43.108772+00:00,scheduler,PATH,PATH,13.565,13.569999694824219,0.036857,0% to <10%
LOTTERY_RAW,2026-09-09T16:00:43.108772+00:00,scheduler,SOFI,SOFI,17.445,17.329999923706055,-0.659215,-10% to 0%
LOTTERY_RAW,2026-09-09T16:00:43.108772+00:00,scheduler,CIFR,CIFR,17.285,16.899999618530273,-2.227367,-10% to 0%
LOTTERY_RAW,2026-09-09T16:00:43.108772+00:00,scheduler,MIMI,MIMI,0.9301,0.9401999711990356,1.085902,0% to <10%
LOTTERY_RAW,2026-09-09T16:00:43.108772+00:00,scheduler,AAL,AAL,12.915,12.9399995803833,0.19357,0% to <10%
LOTTERY_RAW,2026-09-09T16:00:43.108772+00:00,scheduler,MARA,MARA,11.795,11.920000076293945,1.059772,0% to <10%
LOTTERY_RAW,2026-09-09T16:00:43.108772+00:00,scheduler,GPUS,GPUS,0.1922,0.2013999968767166,4.786679,0% to <10%
LOTTERY_RAW,2026-09-09T16:00:43.108772+00:00,scheduler,XP,XP,19.125,19.040000915527344,-0.44444,-10% to 0%
LOTTERY_RAW,2026-09-09T16:00:43.108772+00:00,scheduler,GPRO,GPRO,1.3902,1.4149999618530273,1.783913,0% to <10%
LOTTERY_RAW,2026-09-09T16:00:43.108772+00:00,scheduler,LASE,LASE,0.8241,0.8011999726295471,-2.778792,-10% to 0%
LOTTERY_RAW,2026-09-09T16:00:43.108772+00:00,scheduler,INDP,INDP,2.215,2.0799999237060547,-6.094812,-10% to 0%
PHARMA_SHOCK,2026-09-09T16:00:43.108772+00:00,scheduler,RZLT,RZLT,4.125,4.059999942779541,-1.575759,-10% to 0%
PHARMA_SHOCK,2026-09-09T16:00:43.108772+00:00,scheduler,ROIV,ROIV,41.84,41.810001373291016,-0.071698,-10% to 0%
PHARMA_SHOCK,2026-09-09T16:00:43.108772+00:00,scheduler,TYRA,TYRA,21.08,22.010000228881836,4.411766,0% to <10%
PHARMA_SHOCK,2026-09-09T16:00:43.108772+00:00,scheduler,PYXS,PYXS,3.76,3.380000114440918,-10.10638,-20% to -10%
PHARMA_SHOCK,2026-09-09T16:00:43.108772+00:00,scheduler,CRVS,CRVS,13.175,13.329999923706055,1.17647,0% to <10%
PHARMA_SHOCK,2026-09-09T16:00:43.108772+00:00,scheduler,CATX,CATX,3.0,2.990000009536743,-0.333333,-10% to 0%
PHARMA_SHOCK,2026-09-09T16:00:43.108772+00:00,scheduler,INBX,INBX,123.035,112.86000061035156,-8.270004,-10% to 0%
CORE,2026-09-09T19:00:34.536029+00:00,scheduler,LDOS,LDOS,128.84,128.13999938964844,-0.54331,-10% to 0%
CORE,2026-09-09T19:00:34.536029+00:00,scheduler,DELL,DELL,535.21,535.25,0.007474,0% to <10%
CORE,2026-09-09T19:00:34.536029+00:00,scheduler,ALMU,ALMU,13.115,13.300000190734863,1.4106,0% to <10%
CORE,2026-09-09T19:00:34.536029+00:00,scheduler,INBX,INBX,114.88,112.86000061035156,-1.758356,-10% to 0%
CORE,2026-09-09T19:00:34.536029+00:00,scheduler,PLAY,PLAY,8.14,8.1899995803833,0.614245,0% to <10%
CORE,2026-09-09T19:00:34.536029+00:00,scheduler,CRML,CRML,6.976,7.070000171661377,1.34748,0% to <10%
CORE,2026-09-09T19:00:34.536029+00:00,scheduler,LOVE,LOVE,16.11,16.030000686645508,-0.496582,-10% to 0%
CORE,2026-09-09T19:00:34.536029+00:00,scheduler,SHOE,SHOE,13.145,12.930000305175781,-1.635601,-10% to 0%
CORE,2026-09-09T19:00:34.536029+00:00,scheduler,RH,RH,140.62,139.3699951171875,-0.888924,-10% to 0%
CORE,2026-09-09T19:00:34.536029+00:00,scheduler,PATH,PATH,13.6401,13.569999694824219,-0.513928,-10% to 0%
CORE,2026-09-09T19:00:34.536029+00:00,scheduler,RR,RR,1.685,1.6699999570846558,-0.89021,-10% to 0%
CORE,2026-09-09T19:00:34.536029+00:00,scheduler,GOLD,GOLD,49.15,49.33000183105469,0.36623,0% to <10%
CORE,2026-09-09T19:00:34.536029+00:00,scheduler,SAIL,SAIL,17.9,17.579999923706055,-1.78771,-10% to 0%
CORE,2026-09-09T19:00:34.536029+00:00,scheduler,MMED,MMED,22.64,22.760000228881836,0.530036,0% to <10%
CORE,2026-09-09T19:00:34.536029+00:00,scheduler,OXM,OXM,31.2,30.649999618530273,-1.762822,-10% to 0%
CORE,2026-09-09T19:00:34.536029+00:00,scheduler,CPB,CPB,21.88,21.8799991607666,-4e-06,-10% to 0%
CORE,2026-09-09T19:00:34.536029+00:00,scheduler,AI,AI,10.335,10.380000114440918,0.435415,0% to <10%
CORE,2026-09-09T19:00:34.536029+00:00,scheduler,CHPT,CHPT,8.995,8.949999809265137,-0.50028,-10% to 0%
CORE,2026-09-09T19:00:34.536029+00:00,scheduler,BAH,BAH,72.83,72.19999694824219,-0.865032,-10% to 0%
CORE,2026-09-09T19:00:34.536029+00:00,scheduler,FLWS,FLWS,3.485,3.490000009536743,0.143472,0% to <10%
CORE,2026-09-09T19:00:34.536029+00:00,scheduler,GIII,GIII,27.61,27.540000915527344,-0.253528,-10% to 0%
CORE,2026-09-09T19:00:34.536029+00:00,scheduler,UPXI,UPXI,1.01,1.034999966621399,2.475244,0% to <10%
CORE,2026-09-09T19:00:34.536029+00:00,scheduler,ODD,ODD,16.67,16.479999542236328,-1.139775,-10% to 0%
CORE,2026-09-09T19:00:34.536029+00:00,scheduler,BRNX,BRNX,2.52,2.630000114440918,4.365084,0% to <10%
CORE,2026-09-09T19:00:34.536029+00:00,scheduler,FCEL,FCEL,16.6087,16.56999969482422,-0.233012,-10% to 0%
CORE,2026-09-09T19:00:34.536029+00:00,scheduler,ASAN,ASAN,8.395,8.25,-1.727219,-10% to 0%
STRATEGY,2026-09-09T19:00:34.536029+00:00,scheduler,AAAPD,AAPD,11.0,11.039999961853027,0.363636,0% to <10%
STRATEGY,2026-09-09T19:00:34.536029+00:00,scheduler,AAPD,AAPD,10.98,11.039999961853027,0.546448,0% to <10%
STRATEGY,2026-09-09T19:00:34.536029+00:00,scheduler,AASO,ASO,50.28,51.150001525878906,1.730313,0% to <10%
STRATEGY,2026-09-09T19:00:34.536029+00:00,scheduler,ADBE,ADBE,255.81,254.86000061035156,-0.371369,-10% to 0%
STRATEGY,2026-09-09T19:00:34.536029+00:00,scheduler,AI,AI,10.335,10.380000114440918,0.435415,0% to <10%
STRATEGY,2026-09-09T19:00:34.536029+00:00,scheduler,ALMU,ALMU,13.115,13.300000190734863,1.4106,0% to <10%
STRATEGY,2026-09-09T19:00:34.536029+00:00,scheduler,ASAN,ASAN,8.395,8.25,-1.727219,-10% to 0%
STRATEGY,2026-09-09T19:00:34.536029+00:00,scheduler,ASO,ASO,50.28,51.150001525878906,1.730313,0% to <10%
STRATEGY,2026-09-09T19:00:34.536029+00:00,scheduler,BBBJP,BBJP,78.3,78.25,-0.063857,-10% to 0%
STRATEGY,2026-09-09T19:00:34.536029+00:00,scheduler,BBOXX,BOXX,118.14,118.12999725341797,-0.008467,-10% to 0%
STRATEGY,2026-09-09T19:00:34.536029+00:00,scheduler,BOXX,BOXX,118.135,118.12999725341797,-0.004235,-10% to 0%
STRATEGY,2026-09-09T19:00:34.536029+00:00,scheduler,BRNX,BRNX,2.52,2.630000114440918,4.365084,0% to <10%
STRATEGY,2026-09-09T19:00:34.536029+00:00,scheduler,BRZE,BRZE,24.64,23.725000381469727,-3.713472,-10% to 0%
STRATEGY,2026-09-09T19:00:34.536029+00:00,scheduler,CAPR,CAPR,8.85,8.640000343322754,-2.372877,-10% to 0%
STRATEGY,2026-09-09T19:00:34.536029+00:00,scheduler,CASY,CASY,629.3577,629.030029296875,-0.052064,-10% to 0%
STRATEGY,2026-09-09T19:00:34.536029+00:00,scheduler,CCBZ,CBZ,54.56,54.61000061035156,0.091643,0% to <10%
STRATEGY,2026-09-09T19:00:34.536029+00:00,scheduler,CHPT,CHPT,8.995,8.949999809265137,-0.50028,-10% to 0%
STRATEGY,2026-09-09T19:00:34.536029+00:00,scheduler,CHWY,CHWY,21.085,20.75,-1.588807,-10% to 0%
STRATEGY,2026-09-09T19:00:34.536029+00:00,scheduler,CNM,CNM,42.34,41.599998474121094,-1.74776,-10% to 0%
STRATEGY,2026-09-09T19:00:34.536029+00:00,scheduler,COO,COO,67.275,63.47999954223633,-5.641026,-10% to 0%
STRATEGY,2026-09-09T19:00:34.536029+00:00,scheduler,CPB,CPB,21.88,21.8799991607666,-4e-06,-10% to 0%
STRATEGY,2026-09-09T19:00:34.536029+00:00,scheduler,CPRT,CPRT,31.92,32.029998779296875,0.344608,0% to <10%
STRATEGY,2026-09-09T19:00:34.536029+00:00,scheduler,CRML,CRML,6.976,7.070000171661377,1.34748,0% to <10%
STRATEGY,2026-09-09T19:00:34.536029+00:00,scheduler,DDXD,DXD,17.2,17.229999542236328,0.174416,0% to <10%
STRATEGY,2026-09-09T19:00:34.536029+00:00,scheduler,DELL,DELL,535.21,535.25,0.007474,0% to <10%
STRATEGY,2026-09-09T19:00:34.536029+00:00,scheduler,DSGX,DSGX,73.72,73.44000244140625,-0.379812,-10% to 0%
STRATEGY,2026-09-09T19:00:34.536029+00:00,scheduler,DXD,DXD,17.2,17.229999542236328,0.174416,0% to <10%
STRATEGY,2026-09-09T19:00:34.536029+00:00,scheduler,EEWS,EWS,33.75,33.77000045776367,0.059261,0% to <10%
STRATEGY,2026-09-09T19:00:34.536029+00:00,scheduler,FCEL,FCEL,16.6087,16.56999969482422,-0.233012,-10% to 0%
STRATEGY,2026-09-09T19:00:34.536029+00:00,scheduler,FFBL,FBL,26.41,26.40999984741211,-1e-06,-10% to 0%
STRATEGY,2026-09-09T19:00:34.536029+00:00,scheduler,FFNDE,FNDE,42.9,42.869998931884766,-0.069933,-10% to 0%
STRATEGY,2026-09-09T19:00:34.536029+00:00,scheduler,FFNV,FNV,266.34,265.42999267578125,-0.341671,-10% to 0%
STRATEGY,2026-09-09T19:00:34.536029+00:00,scheduler,FLWS,FLWS,3.485,3.490000009536743,0.143472,0% to <10%
STRATEGY,2026-09-09T19:00:34.536029+00:00,scheduler,FNV,FNV,266.325,265.42999267578125,-0.336058,-10% to 0%
STRATEGY,2026-09-09T19:00:34.536029+00:00,scheduler,GGME,GGME,64.11,64.1447982788086,0.054279,0% to <10%
STRATEGY,2026-09-09T19:00:34.536029+00:00,scheduler,GGSG,GSG,35.94,35.88999938964844,-0.139122,-10% to 0%
STRATEGY,2026-09-09T19:00:34.536029+00:00,scheduler,GIII,GIII,27.61,27.540000915527344,-0.253528,-10% to 0%
STRATEGY,2026-09-09T19:00:34.536029+00:00,scheduler,GME,GME,19.9097,19.889999389648438,-0.09895,-10% to 0%
STRATEGY,2026-09-09T19:00:34.536029+00:00,scheduler,GME,GME,19.99,19.889999389648438,-0.500253,-10% to 0%
STRATEGY,2026-09-09T19:00:34.536029+00:00,scheduler,GOLD,GOLD,49.15,49.33000183105469,0.36623,0% to <10%
STRATEGY,2026-09-09T19:00:34.536029+00:00,scheduler,GPRO,GPRO,1.405,1.4149999618530273,0.711741,0% to <10%
STRATEGY,2026-09-09T19:00:34.536029+00:00,scheduler,HOFT,HOFT,12.65,12.760000228881836,0.869567,0% to <10%
STRATEGY,2026-09-09T19:00:34.536029+00:00,scheduler,HTLM,HTLM,1.7,1.7000000476837158,3e-06,0% to <10%
STRATEGY,2026-09-09T19:00:34.536029+00:00,scheduler,IDEV,IDEV,91.89,91.83000183105469,-0.065293,-10% to 0%
STRATEGY,2026-09-09T19:00:34.536029+00:00,scheduler,IIDEV,IDEV,91.89,91.83000183105469,-0.065293,-10% to 0%
STRATEGY,2026-09-09T19:00:34.536029+00:00,scheduler,IIRD,IRD,5.65,5.730000019073486,1.41593,0% to <10%
STRATEGY,2026-09-09T19:00:34.536029+00:00,scheduler,INDP,INDP,1.9501,2.0799999237060547,6.661193,0% to <10%
STRATEGY,2026-09-09T19:00:34.536029+00:00,scheduler,IRD,IRD,5.655,5.730000019073486,1.32626,0% to <10%
STRATEGY,2026-09-09T19:00:34.536029+00:00,scheduler,JMKE,JMKE,22.43,22.3700008392334,-0.267495,-10% to 0%
STRATEGY,2026-09-09T19:00:34.536029+00:00,scheduler,KEN,KEN,68.95,69.2300033569336,0.406096,0% to <10%
STRATEGY,2026-09-09T19:00:34.536029+00:00,scheduler,KR,KR,56.84,56.439998626708984,-0.703732,-10% to 0%
STRATEGY,2026-09-09T19:00:34.536029+00:00,scheduler,KT,KT,19.69,19.739999771118164,0.253935,0% to <10%
STRATEGY,2026-09-09T19:00:34.536029+00:00,scheduler,LFST,LFST,12.765,12.619999885559082,-1.135919,-10% to 0%
STRATEGY,2026-09-09T19:00:34.536029+00:00,scheduler,LLFST,LFST,12.77,12.619999885559082,-1.174629,-10% to 0%
STRATEGY,2026-09-09T19:00:34.536029+00:00,scheduler,LOVE,LOVE,16.11,16.030000686645508,-0.496582,-10% to 0%
STRATEGY,2026-09-09T19:00:34.536029+00:00,scheduler,METU,METU,25.52,25.540000915527344,0.078373,0% to <10%
STRATEGY,2026-09-09T19:00:34.536029+00:00,scheduler,MMED,MMED,22.64,22.760000228881836,0.530036,0% to <10%
STRATEGY,2026-09-09T19:00:34.536029+00:00,scheduler,MMETU,METU,25.52,25.540000915527344,0.078373,0% to <10%
STRATEGY,2026-09-09T19:00:34.536029+00:00,scheduler,MRK,MRK,148.99,147.52999877929688,-0.979932,-10% to 0%
STRATEGY,2026-09-09T19:00:34.536029+00:00,scheduler,MRNA,MRNA,133.32,135.61000061035156,1.717672,0% to <10%
STRATEGY,2026-09-09T19:00:34.536029+00:00,scheduler,NB,NB,4.06,4.039999961853027,-0.492612,-10% to 0%
STRATEGY,2026-09-09T19:00:34.536029+00:00,scheduler,NEOG,NEOG,11.825,11.920000076293945,0.803383,0% to <10%
STRATEGY,2026-09-09T19:00:34.536029+00:00,scheduler,NNEOG,NEOG,11.82,11.920000076293945,0.846024,0% to <10%
STRATEGY,2026-09-09T19:00:34.536029+00:00,scheduler,ODD,ODD,16.67,16.479999542236328,-1.139775,-10% to 0%
STRATEGY,2026-09-09T19:00:34.536029+00:00,scheduler,ODD,ODD,16.69,16.479999542236328,-1.258241,-10% to 0%
STRATEGY,2026-09-09T19:00:34.536029+00:00,scheduler,OODD,ODD,16.7,16.479999542236328,-1.317368,-10% to 0%
STRATEGY,2026-09-09T19:00:34.536029+00:00,scheduler,OOPFI,OPFI,7.68,7.53000020980835,-1.953122,-10% to 0%
STRATEGY,2026-09-09T19:00:34.536029+00:00,scheduler,ORCL,ORCL,161.3651,161.6300048828125,0.164165,0% to <10%
STRATEGY,2026-09-09T19:00:34.536029+00:00,scheduler,OXM,OXM,31.2,30.649999618530273,-1.762822,-10% to 0%
STRATEGY,2026-09-09T19:00:34.536029+00:00,scheduler,PATH,PATH,13.6401,13.569999694824219,-0.513928,-10% to 0%
STRATEGY,2026-09-09T19:00:34.536029+00:00,scheduler,PLAY,PLAY,8.14,8.1899995803833,0.614245,0% to <10%
STRATEGY,2026-09-09T19:00:34.536029+00:00,scheduler,PPHVS,PHVS,37.63,37.7400016784668,0.292324,0% to <10%
STRATEGY,2026-09-09T19:00:34.536029+00:00,scheduler,RH,RH,140.62,139.3699951171875,-0.888924,-10% to 0%
STRATEGY,2026-09-09T19:00:34.536029+00:00,scheduler,RR,RR,1.685,1.6699999570846558,-0.89021,-10% to 0%
STRATEGY,2026-09-09T19:00:34.536029+00:00,scheduler,RRKLX,RKLX,14.89,14.489999771118164,-2.686368,-10% to 0%
STRATEGY,2026-09-09T19:00:34.536029+00:00,scheduler,SAIL,SAIL,17.77,17.579999923706055,-1.069218,-10% to 0%
STRATEGY,2026-09-09T19:00:34.536029+00:00,scheduler,SAIL,SAIL,17.9,17.579999923706055,-1.78771,-10% to 0%
STRATEGY,2026-09-09T19:00:34.536029+00:00,scheduler,SHOE,SHOE,13.145,12.930000305175781,-1.635601,-10% to 0%
STRATEGY,2026-09-09T19:00:34.536029+00:00,scheduler,SIG,SIG,100.35,102.4800033569336,2.122574,0% to <10%
STRATEGY,2026-09-09T19:00:34.536029+00:00,scheduler,SMCY,SMCY,5.39,5.389999866485596,-2e-06,-10% to 0%
STRATEGY,2026-09-09T19:00:34.536029+00:00,scheduler,SSCHK,SCHK,36.76,36.72999954223633,-0.081612,-10% to 0%
STRATEGY,2026-09-09T19:00:34.536029+00:00,scheduler,SSCZ,SCZ,86.18,86.06999969482422,-0.12764,-10% to 0%
STRATEGY,2026-09-09T19:00:34.536029+00:00,scheduler,SSIG,SIG,100.23,102.4800033569336,2.24484,0% to <10%
STRATEGY,2026-09-09T19:00:34.536029+00:00,scheduler,SSL,SSL,14.545,14.579999923706055,0.240632,0% to <10%
STRATEGY,2026-09-09T19:00:34.536029+00:00,scheduler,SSMCY,SMCY,5.39,5.389999866485596,-2e-06,-10% to 0%
STRATEGY,2026-09-09T19:00:34.536029+00:00,scheduler,SSPLB,SPLB,21.26,21.270000457763672,0.047039,0% to <10%
STRATEGY,2026-09-09T19:00:34.536029+00:00,scheduler,SSSL,SSL,14.54,14.579999923706055,0.275103,0% to <10%
STRATEGY,2026-09-09T19:00:34.536029+00:00,scheduler,SSUNB,SUNB,74.04,73.41999816894531,-0.837388,-10% to 0%
STRATEGY,2026-09-09T19:00:34.536029+00:00,scheduler,SUNB,SUNB,74.02,73.41999816894531,-0.810594,-10% to 0%
STRATEGY,2026-09-09T19:00:34.536029+00:00,scheduler,TH,TH,19.1,19.200000762939453,0.523564,0% to <10%
STRATEGY,2026-09-09T19:00:34.536029+00:00,scheduler,TTAN,TTAN,57.115,57.119998931884766,0.008752,0% to <10%
STRATEGY,2026-09-09T19:00:34.536029+00:00,scheduler,TTH,TH,19.11,19.200000762939453,0.470962,0% to <10%
STRATEGY,2026-09-09T19:00:34.536029+00:00,scheduler,TTMV,TMV,43.14,43.220001220703125,0.185446,0% to <10%
STRATEGY,2026-09-09T19:00:34.536029+00:00,scheduler,TTRMD,TRMD,35.88,35.459999084472656,-1.170571,-10% to 0%
STRATEGY,2026-09-09T19:00:34.536029+00:00,scheduler,TTWM,TWM,22.26,22.270000457763672,0.044926,0% to <10%
STRATEGY,2026-09-09T19:00:34.536029+00:00,scheduler,TWM,TWM,22.26,22.270000457763672,0.044926,0% to <10%
STRATEGY,2026-09-09T19:00:34.536029+00:00,scheduler,UPXI,UPXI,1.01,1.034999966621399,2.475244,0% to <10%
STRATEGY,2026-09-09T19:00:34.536029+00:00,scheduler,VFS,VFS,3.065,3.059999942779541,-0.163134,-10% to 0%
STRATEGY,2026-09-09T19:00:34.536029+00:00,scheduler,VVALE,VALE,15.39,15.4399995803833,0.324884,0% to <10%
STRATEGY,2026-09-09T19:00:34.536029+00:00,scheduler,WLTH,WLTH,9.63,9.460000038146973,-1.765316,-10% to 0%
STRATEGY,2026-09-09T19:00:34.536029+00:00,scheduler,WWLTH,WLTH,9.64,9.460000038146973,-1.86722,-10% to 0%
STRATEGY,2026-09-09T19:00:34.536029+00:00,scheduler,XP,XP,19.13,19.040000915527344,-0.47046,-10% to 0%
STRATEGY,2026-09-09T19:00:34.536029+00:00,scheduler,XXP,XP,19.13,19.040000915527344,-0.47046,-10% to 0%
LOTTERY_RAW,2026-09-09T19:00:34.536029+00:00,scheduler,CAPR,CAPR,8.85,8.640000343322754,-2.372877,-10% to 0%
LOTTERY_RAW,2026-09-09T19:00:34.536029+00:00,scheduler,MMGN,MGN,0.33,0.2757999897003174,-16.424246,-20% to -10%
LOTTERY_RAW,2026-09-09T19:00:34.536029+00:00,scheduler,SSUNE,SUNE,4.28,4.510000228881836,5.373837,0% to <10%
LOTTERY_RAW,2026-09-09T19:00:34.536029+00:00,scheduler,FFTFT,FTFT,2.45,2.0899999141693115,-14.693881,-20% to -10%
LOTTERY_RAW,2026-09-09T19:00:34.536029+00:00,scheduler,YYMAT,YMAT,2.08,2.2699999809265137,9.134614,0% to <10%
LOTTERY_RAW,2026-09-09T19:00:34.536029+00:00,scheduler,UUFG,UFG,0.75,0.7196000218391418,-4.05333,-10% to 0%
LOTTERY_RAW,2026-09-09T19:00:34.536029+00:00,scheduler,IIRD,IRD,5.68,5.730000019073486,0.880282,0% to <10%
LOTTERY_RAW,2026-09-09T19:00:34.536029+00:00,scheduler,OODD,ODD,16.67,16.479999542236328,-1.139775,-10% to 0%
LOTTERY_RAW,2026-09-09T19:00:34.536029+00:00,scheduler,RRML,RML,11.38,11.600000381469727,1.93322,0% to <10%
LOTTERY_RAW,2026-09-09T19:00:34.536029+00:00,scheduler,OOLB,OLB,0.34,0.33500000834465027,-1.470586,-10% to 0%
LOTTERY_RAW,2026-09-09T19:00:34.536029+00:00,scheduler,SSDA,SDA,0.59,0.6000000238418579,1.694919,0% to <10%
LOTTERY_RAW,2026-09-09T19:00:34.536029+00:00,scheduler,ONDS,ONDS,7.41,7.289999961853027,-1.619434,-10% to 0%
LOTTERY_RAW,2026-09-09T19:00:34.536029+00:00,scheduler,SOUN,SOUN,6.5,6.480000019073486,-0.307692,-10% to 0%
LOTTERY_RAW,2026-09-09T19:00:34.536029+00:00,scheduler,BTDR,BTDR,12.23,12.329999923706055,0.817661,0% to <10%
LOTTERY_RAW,2026-09-09T19:00:34.536029+00:00,scheduler,RXRX,RXRX,3.24,3.2149999141693115,-0.771608,-10% to 0%
LOTTERY_RAW,2026-09-09T19:00:34.536029+00:00,scheduler,PRME,PRME,3.45,3.4700000286102295,0.579711,0% to <10%
LOTTERY_RAW,2026-09-09T19:00:34.536029+00:00,scheduler,LCID,LCID,4.26,4.269999980926514,0.234741,0% to <10%
LOTTERY_RAW,2026-09-09T19:00:34.536029+00:00,scheduler,XRX,XRX,3.17,3.140000104904175,-0.946369,-10% to 0%
LOTTERY_RAW,2026-09-09T19:00:34.536029+00:00,scheduler,SERV,SERV,4.7,4.65500020980835,-0.957442,-10% to 0%
LOTTERY_RAW,2026-09-09T19:00:34.536029+00:00,scheduler,AI,AI,10.34,10.380000114440918,0.386848,0% to <10%
LOTTERY_RAW,2026-09-09T19:00:34.536029+00:00,scheduler,OCGN,OCGN,1.08,1.065000057220459,-1.388884,-10% to 0%
LOTTERY_RAW,2026-09-09T19:00:34.536029+00:00,scheduler,BRNX,BRNX,2.52,2.630000114440918,4.365084,0% to <10%
LOTTERY_RAW,2026-09-09T19:00:34.536029+00:00,scheduler,AAGRZ,AGRZ,0.25,0.2506999969482422,0.279999,0% to <10%
LOTTERY_RAW,2026-09-09T19:00:34.536029+00:00,scheduler,AACCL,ACCL,2.96,3.0999999046325684,4.729727,0% to <10%
LOTTERY_RAW,2026-09-09T19:00:34.536029+00:00,scheduler,YYQ,YQ,4.49,4.570000171661377,1.781741,0% to <10%
LOTTERY_RAW,2026-09-09T19:00:34.536029+00:00,scheduler,OLB,OLB,0.34,0.33500000834465027,-1.470586,-10% to 0%
LOTTERY_RAW,2026-09-09T19:00:34.536029+00:00,scheduler,MGN,MGN,0.3289,0.2757999897003174,-16.144728,-20% to -10%
LOTTERY_RAW,2026-09-09T19:00:34.536029+00:00,scheduler,SUNE,SUNE,4.295,4.510000228881836,5.005826,0% to <10%
LOTTERY_RAW,2026-09-09T19:00:34.536029+00:00,scheduler,FTFT,FTFT,2.455,2.0899999141693115,-14.867621,-20% to -10%
LOTTERY_RAW,2026-09-09T19:00:34.536029+00:00,scheduler,IRD,IRD,5.6799,5.730000019073486,0.882058,0% to <10%
LOTTERY_RAW,2026-09-09T19:00:34.536029+00:00,scheduler,ODD,ODD,16.7,16.479999542236328,-1.317368,-10% to 0%
LOTTERY_RAW,2026-09-09T19:00:34.536029+00:00,scheduler,CHRN,CHRN,17.97,18.18000030517578,1.168616,0% to <10%
LOTTERY_RAW,2026-09-09T19:00:34.536029+00:00,scheduler,BAOS,BAOS,0.33,0.33559998869895935,1.696966,0% to <10%
LOTTERY_RAW,2026-09-09T19:00:34.536029+00:00,scheduler,ZCMD,ZCMD,0.88,0.8809000253677368,0.102276,0% to <10%
LOTTERY_RAW,2026-09-09T19:00:34.536029+00:00,scheduler,MRLN,MRLN,3.12,3.140000104904175,0.641029,0% to <10%
LOTTERY_RAW,2026-09-09T19:00:34.536029+00:00,scheduler,FGI,FGI,7.43,7.730000019073486,4.037685,0% to <10%
LOTTERY_RAW,2026-09-09T19:00:34.536029+00:00,scheduler,WYFI,WYFI,19.24,19.309999465942383,0.363823,0% to <10%
LOTTERY_RAW,2026-09-09T19:00:34.536029+00:00,scheduler,BXBL,BXBL,4.28,4.360000133514404,1.869162,0% to <10%
LOTTERY_RAW,2026-09-09T19:00:34.536029+00:00,scheduler,KPTI,KPTI,1.68,1.690000057220459,0.595242,0% to <10%
LOTTERY_RAW,2026-09-09T19:00:34.536029+00:00,scheduler,FRMM,FRMM,4.67,4.619999885559082,-1.070666,-10% to 0%
LOTTERY_RAW,2026-09-09T19:00:34.536029+00:00,scheduler,AKAN,AKAN,3.26,3.25,-0.306748,-10% to 0%
LOTTERY_RAW,2026-09-09T19:00:34.536029+00:00,scheduler,PLCE,PLCE,2.57,2.5399999618530273,-1.167317,-10% to 0%
LOTTERY_RAW,2026-09-09T19:00:34.536029+00:00,scheduler,HQ,HQ,16.12,16.06999969482422,-0.310176,-10% to 0%
LOTTERY_RAW,2026-09-09T19:00:34.536029+00:00,scheduler,HWH,HWH,1.85,1.8600000143051147,0.540541,0% to <10%
LOTTERY_RAW,2026-09-09T19:00:34.536029+00:00,scheduler,DFSC,DFSC,1.55,1.5099999904632568,-2.580646,-10% to 0%
LOTTERY_RAW,2026-09-09T19:00:34.536029+00:00,scheduler,HPK,HPK,8.3,8.210000038146973,-1.084337,-10% to 0%
LOTTERY_RAW,2026-09-09T19:00:34.536029+00:00,scheduler,LENZ,LENZ,4.97,4.909999847412109,-1.207247,-10% to 0%
LOTTERY_RAW,2026-09-09T19:00:34.536029+00:00,scheduler,BETR,BETR,13.35,13.460000038146973,0.82397,0% to <10%
LOTTERY_RAW,2026-09-09T19:00:34.536029+00:00,scheduler,GRPN,GRPN,18.16,18.299999237060547,0.770921,0% to <10%
LOTTERY_RAW,2026-09-09T19:00:34.536029+00:00,scheduler,PROK,PROK,1.88,1.850000023841858,-1.595743,-10% to 0%
LOTTERY_RAW,2026-09-09T19:00:34.536029+00:00,scheduler,SVRA,SVRA,5.42,5.414999961853027,-0.092252,-10% to 0%
LOTTERY_RAW,2026-09-09T19:00:34.536029+00:00,scheduler,VELO,VELO,11.08,10.90999984741211,-1.534297,-10% to 0%
LOTTERY_RAW,2026-09-09T19:00:34.536029+00:00,scheduler,SHOE,SHOE,13.15,12.930000305175781,-1.673001,-10% to 0%
LOTTERY_RAW,2026-09-09T19:00:34.536029+00:00,scheduler,JACK,JACK,15.12,14.779999732971191,-2.248679,-10% to 0%
LOTTERY_RAW,2026-09-09T19:00:34.536029+00:00,scheduler,VIVO,VIVO,4.2,4.150000095367432,-1.190474,-10% to 0%
LOTTERY_RAW,2026-09-09T19:00:34.536029+00:00,scheduler,OFAL,OFAL,0.69,0.6873999834060669,-0.376814,-10% to 0%
LOTTERY_RAW,2026-09-09T19:00:34.536029+00:00,scheduler,SPRY,SPRY,5.26,5.230000019073486,-0.570342,-10% to 0%
LOTTERY_RAW,2026-09-09T19:00:34.536029+00:00,scheduler,IEP,IEP,6.84,6.829999923706055,-0.1462,-10% to 0%
LOTTERY_RAW,2026-09-09T19:00:34.536029+00:00,scheduler,BOXL,BOXL,5.65,5.769999980926514,2.123893,0% to <10%
LOTTERY_RAW,2026-09-09T19:00:34.536029+00:00,scheduler,WKHS,WKHS,3.12,3.0799999237060547,-1.282054,-10% to 0%
LOTTERY_RAW,2026-09-09T19:00:34.536029+00:00,scheduler,GRAB,GRAB,3.01,3.0399999618530273,0.996676,0% to <10%
LOTTERY_RAW,2026-09-09T19:00:34.536029+00:00,scheduler,FFAMI,FAMI,0.13,0.12999999523162842,-4e-06,-10% to 0%
LOTTERY_RAW,2026-09-09T19:00:34.536029+00:00,scheduler,ZZTG,ZTG,0.73,0.765999972820282,4.931503,0% to <10%
LOTTERY_RAW,2026-09-09T19:00:34.536029+00:00,scheduler,IINDP,INDP,1.99,2.0799999237060547,4.522609,0% to <10%
LOTTERY_RAW,2026-09-09T19:00:34.536029+00:00,scheduler,GGPUS,GPUS,0.2,0.2013999968767166,0.699998,0% to <10%
LOTTERY_RAW,2026-09-09T19:00:34.536029+00:00,scheduler,OONDS,ONDS,7.41,7.289999961853027,-1.619434,-10% to 0%
LOTTERY_RAW,2026-09-09T19:00:34.536029+00:00,scheduler,DDPU,DPU,2.11,2.049999952316284,-2.843604,-10% to 0%
LOTTERY_RAW,2026-09-09T19:00:34.536029+00:00,scheduler,FFGL,FGL,7.0,6.789999961853027,-3.000001,-10% to 0%
LOTTERY_RAW,2026-09-09T19:00:34.536029+00:00,scheduler,HHPAI,HPAI,0.3,0.29919999837875366,-0.266667,-10% to 0%
LOTTERY_RAW,2026-09-09T19:00:34.536029+00:00,scheduler,SSOUN,SOUN,6.5,6.480000019073486,-0.307692,-10% to 0%
LOTTERY_RAW,2026-09-09T19:00:34.536029+00:00,scheduler,BBTDR,BTDR,12.23,12.329999923706055,0.817661,0% to <10%
LOTTERY_RAW,2026-09-09T19:00:34.536029+00:00,scheduler,RRXRX,RXRX,3.24,3.2149999141693115,-0.771608,-10% to 0%
LOTTERY_RAW,2026-09-09T19:00:34.536029+00:00,scheduler,PPRME,PRME,3.45,3.4700000286102295,0.579711,0% to <10%
LOTTERY_RAW,2026-09-09T19:00:34.536029+00:00,scheduler,LLCID,LCID,4.26,4.269999980926514,0.234741,0% to <10%
LOTTERY_RAW,2026-09-09T19:00:34.536029+00:00,scheduler,XXRX,XRX,3.17,3.140000104904175,-0.946369,-10% to 0%
LOTTERY_RAW,2026-09-09T19:00:34.536029+00:00,scheduler,SSERV,SERV,4.7,4.65500020980835,-0.957442,-10% to 0%
LOTTERY_RAW,2026-09-09T19:00:34.536029+00:00,scheduler,AAI,AI,10.34,10.380000114440918,0.386848,0% to <10%
LOTTERY_RAW,2026-09-09T19:00:34.536029+00:00,scheduler,KKG,KG,7.42,7.364999771118164,-0.741243,-10% to 0%
LOTTERY_RAW,2026-09-09T19:00:34.536029+00:00,scheduler,BBRNX,BRNX,2.52,2.630000114440918,4.365084,0% to <10%
LOTTERY_RAW,2026-09-09T19:00:34.536029+00:00,scheduler,GGRAB,GRAB,3.02,3.0399999618530273,0.66225,0% to <10%
LOTTERY_RAW,2026-09-09T19:00:34.536029+00:00,scheduler,NNOK,NOK,10.81,10.760000228881836,-0.462533,-10% to 0%
LOTTERY_RAW,2026-09-09T19:00:34.536029+00:00,scheduler,BBITO,BITO,10.53,10.510000228881836,-0.189931,-10% to 0%
LOTTERY_RAW,2026-09-09T19:00:34.536029+00:00,scheduler,NNVD,NVD,3.82,3.809999942779541,-0.261782,-10% to 0%
LOTTERY_RAW,2026-09-09T19:00:34.536029+00:00,scheduler,TTSLL,TSLL,9.91,9.850000381469727,-0.605445,-10% to 0%
LOTTERY_RAW,2026-09-09T19:00:34.536029+00:00,scheduler,SSNXX,SSNXX,17.76,1.0,-94.369369,Below -20%
LOTTERY_RAW,2026-09-09T19:00:34.536029+00:00,scheduler,NNU,NU,15.03,15.0,-0.199601,-10% to 0%
LOTTERY_RAW,2026-09-09T19:00:34.536029+00:00,scheduler,VVVOS,VVOS,0.18,0.17020000517368317,-5.444442,-10% to 0%
LOTTERY_RAW,2026-09-09T19:00:34.536029+00:00,scheduler,FF,FF,13.69,5.369999885559082,-60.774289,Below -20%
LOTTERY_RAW,2026-09-09T19:00:34.536029+00:00,scheduler,PPATH,PATH,13.65,13.569999694824219,-0.586083,-10% to 0%
LOTTERY_RAW,2026-09-09T19:00:34.536029+00:00,scheduler,VVALE,VALE,15.39,15.4399995803833,0.324884,0% to <10%
LOTTERY_RAW,2026-09-09T19:00:34.536029+00:00,scheduler,TTSLG,TSLG,4.93,4.889999866485596,-0.811362,-10% to 0%
LOTTERY_RAW,2026-09-09T19:00:34.536029+00:00,scheduler,PPCG,PCG,14.39,14.1899995803833,-1.389857,-10% to 0%
LOTTERY_RAW,2026-09-09T19:00:34.536029+00:00,scheduler,DDVLT,DVLT,0.21,0.20600000023841858,-1.904762,-10% to 0%
LOTTERY_RAW,2026-09-09T19:00:34.536029+00:00,scheduler,NNIO,NIO,3.7,3.700000047683716,1e-06,0% to <10%
LOTTERY_RAW,2026-09-09T19:00:34.536029+00:00,scheduler,PPLUG,PLUG,2.18,2.1700000762939453,-0.458712,-10% to 0%
LOTTERY_RAW,2026-09-09T19:00:34.536029+00:00,scheduler,AAAL,AAL,12.91,12.9399995803833,0.232375,0% to <10%
LOTTERY_RAW,2026-09-09T19:00:34.536029+00:00,scheduler,OOCGN,OCGN,1.08,1.065000057220459,-1.388884,-10% to 0%
LOTTERY_RAW,2026-09-09T19:00:34.536029+00:00,scheduler,GGPRO,GPRO,1.41,1.4149999618530273,0.354607,0% to <10%
LOTTERY_RAW,2026-09-09T19:00:34.536029+00:00,scheduler,EETHA,ETHA,18.72,18.579999923706055,-0.747864,-10% to 0%
LOTTERY_RAW,2026-09-09T19:00:34.536029+00:00,scheduler,CCIFR,CIFR,16.98,16.899999618530273,-0.471145,-10% to 0%
LOTTERY_RAW,2026-09-09T19:00:34.536029+00:00,scheduler,IITUB,ITUB,8.09,8.079999923706055,-0.12361,-10% to 0%
LOTTERY_RAW,2026-09-09T19:00:34.536029+00:00,scheduler,MMARA,MARA,11.9,11.920000076293945,0.168068,0% to <10%
LOTTERY_RAW,2026-09-09T19:00:34.536029+00:00,scheduler,CCYPH,CYPH,2.52,2.450000047683716,-2.777776,-10% to 0%
LOTTERY_RAW,2026-09-09T19:00:34.536029+00:00,scheduler,SSOFI,SOFI,17.38,17.329999923706055,-0.287687,-10% to 0%
LOTTERY_RAW,2026-09-09T19:00:34.536029+00:00,scheduler,SSNDQ,SNDQ,11.43,11.399999618530273,-0.262471,-10% to 0%
LOTTERY_RAW,2026-09-09T19:00:34.536029+00:00,scheduler,RRIG,RIG,5.74,5.710000038146973,-0.522647,-10% to 0%
LOTTERY_RAW,2026-09-09T19:00:34.536029+00:00,scheduler,SSNAP,SNAP,5.35,5.309999942779541,-0.747665,-10% to 0%
LOTTERY_RAW,2026-09-09T19:00:34.536029+00:00,scheduler,AGRZ,AGRZ,0.2531,0.2506999969482422,-0.948243,-10% to 0%
LOTTERY_RAW,2026-09-09T19:00:34.536029+00:00,scheduler,FAMI,FAMI,0.1267,0.12999999523162842,2.604574,0% to <10%
LOTTERY_RAW,2026-09-09T19:00:34.536029+00:00,scheduler,UFG,UFG,0.75,0.7196000218391418,-4.05333,-10% to 0%
LOTTERY_RAW,2026-09-09T19:00:34.536029+00:00,scheduler,YMAT,YMAT,2.075,2.2699999809265137,9.397589,0% to <10%
LOTTERY_RAW,2026-09-09T19:00:34.536029+00:00,scheduler,ZTG,ZTG,0.7288,0.765999972820282,5.104277,0% to <10%
LOTTERY_RAW,2026-09-09T19:00:34.536029+00:00,scheduler,UUAC,UAC,9.96,9.960000038146973,0.0,0% to <10%
LOTTERY_RAW,2026-09-09T19:00:34.536029+00:00,scheduler,XXRMI,XRMI,17.33,17.308300018310547,-0.125216,-10% to 0%
LOTTERY_RAW,2026-09-09T19:00:34.536029+00:00,scheduler,SSAC,SSAC,10.11,10.09000015258789,-0.197822,-10% to 0%
LOTTERY_RAW,2026-09-09T19:00:34.536029+00:00,scheduler,HHACQ,HACQ,10.08,10.079999923706055,-1e-06,-10% to 0%
LOTTERY_RAW,2026-09-09T19:00:34.536029+00:00,scheduler,WWPAC,WPAC,10.05,10.050000190734863,2e-06,0% to <10%
LOTTERY_RAW,2026-09-09T19:00:34.536029+00:00,scheduler,DDSAC,DSAC,10.2,10.1899995803833,-0.098043,-10% to 0%
LOTTERY_RAW,2026-09-09T19:00:34.536029+00:00,scheduler,RML,RML,11.47,11.600000381469727,1.133395,0% to <10%
LOTTERY_RAW,2026-09-09T19:00:34.536029+00:00,scheduler,DPU,DPU,2.0694,2.049999952316284,-0.937472,-10% to 0%
LOTTERY_RAW,2026-09-09T19:00:34.536029+00:00,scheduler,FGL,FGL,7.2871,6.789999961853027,-6.821644,-10% to 0%
LOTTERY_RAW,2026-09-09T19:00:34.536029+00:00,scheduler,SDA,SDA,0.5898,0.6000000238418579,1.729404,0% to <10%
LOTTERY_RAW,2026-09-09T19:00:34.536029+00:00,scheduler,HPAI,HPAI,0.3024,0.29919999837875366,-1.058202,-10% to 0%
LOTTERY_RAW,2026-09-09T19:00:34.536029+00:00,scheduler,UAC,UAC,9.96,9.960000038146973,0.0,0% to <10%
LOTTERY_RAW,2026-09-09T19:00:34.536029+00:00,scheduler,ACCL,ACCL,2.96,3.0999999046325684,4.729727,0% to <10%
LOTTERY_RAW,2026-09-09T19:00:34.536029+00:00,scheduler,XRMI,XRMI,17.319,17.308300018310547,-0.061782,-10% to 0%
LOTTERY_RAW,2026-09-09T19:00:34.536029+00:00,scheduler,SAC,SAC,10.11,10.109999656677246,-3e-06,-10% to 0%
LOTTERY_RAW,2026-09-09T19:00:34.536029+00:00,scheduler,HACQ,HACQ,10.08,10.079999923706055,-1e-06,-10% to 0%
LOTTERY_RAW,2026-09-09T19:00:34.536029+00:00,scheduler,WPAC,WPAC,10.05,10.050000190734863,2e-06,0% to <10%
LOTTERY_RAW,2026-09-09T19:00:34.536029+00:00,scheduler,DSAC,DSAC,10.2,10.1899995803833,-0.098043,-10% to 0%
LOTTERY_RAW,2026-09-09T19:00:34.536029+00:00,scheduler,GGRAG,GRAG,4.23,4.240499973297119,0.248226,0% to <10%
LOTTERY_RAW,2026-09-09T19:00:34.536029+00:00,scheduler,MMESH,MESH,10.1,10.098199844360352,-0.017823,-10% to 0%
LOTTERY_RAW,2026-09-09T19:00:34.536029+00:00,scheduler,CCEPF,CEPF,10.35,10.369999885559082,0.193236,0% to <10%
LOTTERY_RAW,2026-09-09T19:00:34.536029+00:00,scheduler,SSFWL,SFWL,10.55,10.90999984741211,3.412321,0% to <10%
LOTTERY_RAW,2026-09-09T19:00:34.536029+00:00,scheduler,TTXBC,TXBC,17.38,17.19499969482422,-1.064444,-10% to 0%
LOTTERY_RAW,2026-09-09T19:00:34.536029+00:00,scheduler,AARTC,ARTC,10.0,9.975000381469727,-0.249996,-10% to 0%
LOTTERY_RAW,2026-09-09T19:00:34.536029+00:00,scheduler,FFCRS,FCRS,10.25,10.25,0.0,0% to <10%
LOTTERY_RAW,2026-09-09T19:00:34.536029+00:00,scheduler,WWLDU,WLDU,17.65,17.635900497436523,-0.079884,-10% to 0%
LOTTERY_RAW,2026-09-09T19:00:34.536029+00:00,scheduler,SSAAQ,SAAQ,10.1,10.100000381469727,4e-06,0% to <10%
LOTTERY_RAW,2026-09-09T19:00:34.536029+00:00,scheduler,RREGS,REGS,11.48,11.449999809265137,-0.261326,-10% to 0%
LOTTERY_RAW,2026-09-09T19:00:34.536029+00:00,scheduler,KKJD,KJD,14.95,14.977499961853027,0.183946,0% to <10%
LOTTERY_RAW,2026-09-09T19:00:34.536029+00:00,scheduler,HHFSP,HFSP,12.83,13.300000190734863,3.663291,0% to <10%
LOTTERY_RAW,2026-09-09T19:00:34.536029+00:00,scheduler,OOGSP,OGSP,9.96,9.949999809265137,-0.100404,-10% to 0%
LOTTERY_RAW,2026-09-09T19:00:34.536029+00:00,scheduler,SSCII,SCII,10.19,10.119999885559082,-0.686949,-10% to 0%
LOTTERY_RAW,2026-09-09T19:00:34.536029+00:00,scheduler,MMTEX,MTEX,8.45,8.010000228881836,-5.207098,-10% to 0%
LOTTERY_RAW,2026-09-09T19:00:34.536029+00:00,scheduler,GRAG,GRAG,4.24,4.240499973297119,0.011792,0% to <10%
LOTTERY_RAW,2026-09-09T19:00:34.536029+00:00,scheduler,MESH,MESH,10.1,10.098199844360352,-0.017823,-10% to 0%
LOTTERY_RAW,2026-09-09T19:00:34.536029+00:00,scheduler,CEPF,CEPF,10.37,10.369999885559082,-1e-06,-10% to 0%
LOTTERY_RAW,2026-09-09T19:00:34.536029+00:00,scheduler,SFWL,SFWL,10.88,10.90999984741211,0.275734,0% to <10%
LOTTERY_RAW,2026-09-09T19:00:34.536029+00:00,scheduler,TXBC,TXBC,17.39,17.19499969482422,-1.121336,-10% to 0%
LOTTERY_RAW,2026-09-09T19:00:34.536029+00:00,scheduler,ARTC,ARTC,9.975,9.975000381469727,4e-06,0% to <10%
LOTTERY_RAW,2026-09-09T19:00:34.536029+00:00,scheduler,YQ,YQ,4.49,4.570000171661377,1.781741,0% to <10%
LOTTERY_RAW,2026-09-09T19:00:34.536029+00:00,scheduler,FCRS,FCRS,10.245,10.25,0.048804,0% to <10%
LOTTERY_RAW,2026-09-09T19:00:34.536029+00:00,scheduler,WLDU,WLDU,17.6334,17.635900497436523,0.01418,0% to <10%
LOTTERY_RAW,2026-09-09T19:00:34.536029+00:00,scheduler,SAAQ,SAAQ,10.1,10.100000381469727,4e-06,0% to <10%
LOTTERY_RAW,2026-09-09T19:00:34.536029+00:00,scheduler,REGS,REGS,11.48,11.449999809265137,-0.261326,-10% to 0%
LOTTERY_RAW,2026-09-09T19:00:34.536029+00:00,scheduler,KJD,KJD,14.96,14.977499961853027,0.116978,0% to <10%
LOTTERY_RAW,2026-09-09T19:00:34.536029+00:00,scheduler,HFSP,HFSP,16.57,13.300000190734863,-19.734459,-20% to -10%
LOTTERY_RAW,2026-09-09T19:00:34.536029+00:00,scheduler,OGSP,OGSP,9.97,9.949999809265137,-0.200604,-10% to 0%
LOTTERY_RAW,2026-09-09T19:00:34.536029+00:00,scheduler,KG,KG,7.48,7.364999771118164,-1.537436,-10% to 0%
LOTTERY_RAW,2026-09-09T19:00:34.536029+00:00,scheduler,SCII,SCII,10.12,10.119999885559082,-1e-06,-10% to 0%
LOTTERY_RAW,2026-09-09T19:00:34.536029+00:00,scheduler,MTEX,MTEX,8.55,8.010000228881836,-6.315787,-10% to 0%
LOTTERY_RAW,2026-09-09T19:00:34.536029+00:00,scheduler,CCHRN,CHRN,17.97,18.18000030517578,1.168616,0% to <10%
LOTTERY_RAW,2026-09-09T19:00:34.536029+00:00,scheduler,BBAOS,BAOS,0.33,0.33559998869895935,1.696966,0% to <10%
LOTTERY_RAW,2026-09-09T19:00:34.536029+00:00,scheduler,ZZCMD,ZCMD,0.88,0.8809000253677368,0.102276,0% to <10%
LOTTERY_RAW,2026-09-09T19:00:34.536029+00:00,scheduler,MMRLN,MRLN,3.12,3.140000104904175,0.641029,0% to <10%
LOTTERY_RAW,2026-09-09T19:00:34.536029+00:00,scheduler,FFGI,FGI,7.43,7.730000019073486,4.037685,0% to <10%
LOTTERY_RAW,2026-09-09T19:00:34.536029+00:00,scheduler,WWYFI,WYFI,19.24,19.309999465942383,0.363823,0% to <10%
LOTTERY_RAW,2026-09-09T19:00:34.536029+00:00,scheduler,BBXBL,BXBL,4.28,4.360000133514404,1.869162,0% to <10%
LOTTERY_RAW,2026-09-09T19:00:34.536029+00:00,scheduler,KKPTI,KPTI,1.68,1.690000057220459,0.595242,0% to <10%
LOTTERY_RAW,2026-09-09T19:00:34.536029+00:00,scheduler,FFRMM,FRMM,4.67,4.619999885559082,-1.070666,-10% to 0%
LOTTERY_RAW,2026-09-09T19:00:34.536029+00:00,scheduler,AAKAN,AKAN,3.26,3.25,-0.306748,-10% to 0%
LOTTERY_RAW,2026-09-09T19:00:34.536029+00:00,scheduler,PPLCE,PLCE,2.57,2.5399999618530273,-1.167317,-10% to 0%
LOTTERY_RAW,2026-09-09T19:00:34.536029+00:00,scheduler,HHQ,HQ,16.12,16.06999969482422,-0.310176,-10% to 0%
LOTTERY_RAW,2026-09-09T19:00:34.536029+00:00,scheduler,HHWH,HWH,1.85,1.8600000143051147,0.540541,0% to <10%
LOTTERY_RAW,2026-09-09T19:00:34.536029+00:00,scheduler,DDFSC,DFSC,1.55,1.5099999904632568,-2.580646,-10% to 0%
LOTTERY_RAW,2026-09-09T19:00:34.536029+00:00,scheduler,HHPK,HPK,8.3,8.210000038146973,-1.084337,-10% to 0%
LOTTERY_RAW,2026-09-09T19:00:34.536029+00:00,scheduler,LLENZ,LENZ,4.97,4.909999847412109,-1.207247,-10% to 0%
LOTTERY_RAW,2026-09-09T19:00:34.536029+00:00,scheduler,BBETR,BETR,13.35,13.460000038146973,0.82397,0% to <10%
LOTTERY_RAW,2026-09-09T19:00:34.536029+00:00,scheduler,GGRPN,GRPN,18.16,18.299999237060547,0.770921,0% to <10%
LOTTERY_RAW,2026-09-09T19:00:34.536029+00:00,scheduler,PPROK,PROK,1.88,1.850000023841858,-1.595743,-10% to 0%
LOTTERY_RAW,2026-09-09T19:00:34.536029+00:00,scheduler,SSVRA,SVRA,5.42,5.414999961853027,-0.092252,-10% to 0%
LOTTERY_RAW,2026-09-09T19:00:34.536029+00:00,scheduler,VVELO,VELO,11.08,10.90999984741211,-1.534297,-10% to 0%
LOTTERY_RAW,2026-09-09T19:00:34.536029+00:00,scheduler,SSHOE,SHOE,13.15,12.930000305175781,-1.673001,-10% to 0%
LOTTERY_RAW,2026-09-09T19:00:34.536029+00:00,scheduler,JJACK,JACK,15.12,14.779999732971191,-2.248679,-10% to 0%
LOTTERY_RAW,2026-09-09T19:00:34.536029+00:00,scheduler,VVIVO,VIVO,4.2,4.150000095367432,-1.190474,-10% to 0%
LOTTERY_RAW,2026-09-09T19:00:34.536029+00:00,scheduler,OOFAL,OFAL,0.69,0.6873999834060669,-0.376814,-10% to 0%
LOTTERY_RAW,2026-09-09T19:00:34.536029+00:00,scheduler,SSPRY,SPRY,5.26,5.230000019073486,-0.570342,-10% to 0%
LOTTERY_RAW,2026-09-09T19:00:34.536029+00:00,scheduler,IIEP,IEP,6.84,6.829999923706055,-0.1462,-10% to 0%
LOTTERY_RAW,2026-09-09T19:00:34.536029+00:00,scheduler,BBOXL,BOXL,5.65,5.769999980926514,2.123893,0% to <10%
LOTTERY_RAW,2026-09-09T19:00:34.536029+00:00,scheduler,WWKHS,WKHS,3.12,3.0799999237060547,-1.282054,-10% to 0%
LOTTERY_RAW,2026-09-09T19:00:34.536029+00:00,scheduler,CCAPR,CAPR,8.85,8.640000343322754,-2.372877,-10% to 0%
LOTTERY_RAW,2026-09-09T19:00:34.536029+00:00,scheduler,NOK,NOK,10.815,10.760000228881836,-0.508551,-10% to 0%
LOTTERY_RAW,2026-09-09T19:00:34.536029+00:00,scheduler,BITO,BITO,10.535,10.510000228881836,-0.237302,-10% to 0%
LOTTERY_RAW,2026-09-09T19:00:34.536029+00:00,scheduler,NVD,NVD,3.8193,3.809999942779541,-0.243502,-10% to 0%
LOTTERY_RAW,2026-09-09T19:00:34.536029+00:00,scheduler,TSLL,TSLL,9.895,9.850000381469727,-0.454771,-10% to 0%
LOTTERY_RAW,2026-09-09T19:00:34.536029+00:00,scheduler,SNXX,SNXX,17.74,17.850000381469727,0.62007,0% to <10%
LOTTERY_RAW,2026-09-09T19:00:34.536029+00:00,scheduler,NU,NU,15.03,15.0,-0.199601,-10% to 0%
LOTTERY_RAW,2026-09-09T19:00:34.536029+00:00,scheduler,VVOS,VVOS,0.1781,0.17020000517368317,-4.435707,-10% to 0%
LOTTERY_RAW,2026-09-09T19:00:34.536029+00:00,scheduler,F,F,13.685,13.449999809265137,-1.71721,-10% to 0%
LOTTERY_RAW,2026-09-09T19:00:34.536029+00:00,scheduler,PATH,PATH,13.64,13.569999694824219,-0.513199,-10% to 0%
LOTTERY_RAW,2026-09-09T19:00:34.536029+00:00,scheduler,VALE,VALE,15.385,15.4399995803833,0.357488,0% to <10%
LOTTERY_RAW,2026-09-09T19:00:34.536029+00:00,scheduler,TSLG,TSLG,4.915,4.889999866485596,-0.50865,-10% to 0%
LOTTERY_RAW,2026-09-09T19:00:34.536029+00:00,scheduler,PCG,PCG,14.395,14.1899995803833,-1.424109,-10% to 0%
LOTTERY_RAW,2026-09-09T19:00:34.536029+00:00,scheduler,DVLT,DVLT,0.2096,0.20600000023841858,-1.717557,-10% to 0%
LOTTERY_RAW,2026-09-09T19:00:34.536029+00:00,scheduler,NIO,NIO,3.6902,3.700000047683716,0.26557,0% to <10%
LOTTERY_RAW,2026-09-09T19:00:34.536029+00:00,scheduler,PLUG,PLUG,2.185,2.1700000762939453,-0.686495,-10% to 0%
LOTTERY_RAW,2026-09-09T19:00:34.536029+00:00,scheduler,AAL,AAL,12.915,12.9399995803833,0.19357,0% to <10%
LOTTERY_RAW,2026-09-09T19:00:34.536029+00:00,scheduler,ETHA,ETHA,18.7,18.579999923706055,-0.641712,-10% to 0%
LOTTERY_RAW,2026-09-09T19:00:34.536029+00:00,scheduler,CIFR,CIFR,16.975,16.899999618530273,-0.441828,-10% to 0%
LOTTERY_RAW,2026-09-09T19:00:34.536029+00:00,scheduler,ITUB,ITUB,8.105,8.079999923706055,-0.308453,-10% to 0%
LOTTERY_RAW,2026-09-09T19:00:34.536029+00:00,scheduler,MARA,MARA,11.9,11.920000076293945,0.168068,0% to <10%
LOTTERY_RAW,2026-09-09T19:00:34.536029+00:00,scheduler,CYPH,CYPH,2.515,2.450000047683716,-2.584491,-10% to 0%
LOTTERY_RAW,2026-09-09T19:00:34.536029+00:00,scheduler,SOFI,SOFI,17.3752,17.329999923706055,-0.260141,-10% to 0%
LOTTERY_RAW,2026-09-09T19:00:34.536029+00:00,scheduler,SNDQ,SNDQ,11.4581,11.399999618530273,-0.507068,-10% to 0%
LOTTERY_RAW,2026-09-09T19:00:34.536029+00:00,scheduler,GPUS,GPUS,0.2016,0.2013999968767166,-0.099208,-10% to 0%
LOTTERY_RAW,2026-09-09T19:00:34.536029+00:00,scheduler,RIG,RIG,5.735,5.710000038146973,-0.435919,-10% to 0%
LOTTERY_RAW,2026-09-09T19:00:34.536029+00:00,scheduler,SNAP,SNAP,5.351,5.309999942779541,-0.766213,-10% to 0%
LOTTERY_RAW,2026-09-09T19:00:34.536029+00:00,scheduler,GPRO,GPRO,1.405,1.4149999618530273,0.711741,0% to <10%
LOTTERY_RAW,2026-09-09T19:00:34.536029+00:00,scheduler,INDP,INDP,1.9501,2.0799999237060547,6.661193,0% to <10%
PHARMA_SHOCK,2026-09-09T19:00:34.536029+00:00,scheduler,ROIV,ROIV,41.76,41.810001373291016,0.119735,0% to <10%
PHARMA_SHOCK,2026-09-09T19:00:34.536029+00:00,scheduler,OLMA,OLMA,10.52,10.359999656677246,-1.520916,-10% to 0%
PHARMA_SHOCK,2026-09-09T19:00:34.536029+00:00,scheduler,RZLT,RZLT,4.04,4.059999942779541,0.495048,0% to <10%
PHARMA_SHOCK,2026-09-09T19:00:34.536029+00:00,scheduler,PYXS,PYXS,3.55,3.380000114440918,-4.788729,-10% to 0%
PHARMA_SHOCK,2026-09-09T19:00:34.536029+00:00,scheduler,TYRA,TYRA,21.72,22.010000228881836,1.335176,0% to <10%
PHARMA_SHOCK,2026-09-09T19:00:34.536029+00:00,scheduler,CRVS,CRVS,13.0881,13.329999923706055,1.848243,0% to <10%
PHARMA_SHOCK,2026-09-09T19:00:34.536029+00:00,scheduler,CATX,CATX,2.99,2.990000009536743,0.0,0% to <10%
